2026-05-03 04:40:59 | INFO | Also writing log lines to /home/zhiyichen/datafest26/data/processed/patient_event_model/train.log
2026-05-03 04:40:59 | INFO | Loading sequence artifact (large .pt files can take minutes before other logs appear): /home/zhiyichen/datafest26_cp/token_sequence_model/patient_sequences_with_external_features.pt
2026-05-03 04:41:57 | INFO | Deserialized 305,788 raw sequence entries; loading vocab and building training sequences…
2026-05-03 04:42:38 | INFO | Run configuration | input=../datafest26_cp/token_sequence_model/patient_sequences_with_external_features.pt vocab=token_sequence_model/final_token_format.json device=cuda sequences=305,788 split=temporal epochs=3 batch_size=32 lr=0.001 scheduler=cosine_warmup weight_decay=0.01 label_smoothing=0.01 backbone=transformer d_model=128
2026-05-03 04:42:38 | INFO | External per-token tensor dim=20 key=external_feature_tensor | SDOH streams=14 context_fields=30 numeric_fields=[]
2026-05-03 04:42:39 | INFO | Model parameters: total=6,382,870 trainable=6,382,870 heads=10
2026-05-03 04:42:40 | INFO | LR schedule: cosine_warmup | warmup_epochs=2 lr_min≈1.00e-05 (ratio=0.01)
2026-05-03 04:42:40 | INFO | DataLoaders | train_batches=9556 eval_batches=9556 (batch_size=32)
2026-05-03 04:42:40 | INFO | Incremental metrics: data/processed/patient_event_model/training_metrics.jsonl (one JSON object per epoch) and data/processed/patient_event_model/training_history_snapshot.json (full history after each epoch)
2026-05-03 04:42:40 | INFO | ---------- Epoch 1 / 3 ----------
2026-05-03 04:43:03 | INFO | [1/3] train | batches 200/9556 | running_mean_total_loss=27.493550 | last_batch_total=22.444332
2026-05-03 04:43:26 | INFO | [1/3] train | batches 400/9556 | running_mean_total_loss=24.985225 | last_batch_total=21.194647
2026-05-03 04:43:50 | INFO | [1/3] train | batches 600/9556 | running_mean_total_loss=23.929805 | last_batch_total=21.008957
2026-05-03 04:44:13 | INFO | [1/3] train | batches 800/9556 | running_mean_total_loss=23.257755 | last_batch_total=21.796410
2026-05-03 04:44:36 | INFO | [1/3] train | batches 1000/9556 | running_mean_total_loss=22.778118 | last_batch_total=20.787672
2026-05-03 04:44:59 | INFO | [1/3] train | batches 1200/9556 | running_mean_total_loss=22.403040 | last_batch_total=19.427902
2026-05-03 04:45:23 | INFO | [1/3] train | batches 1400/9556 | running_mean_total_loss=22.109728 | last_batch_total=21.247831
2026-05-03 04:45:46 | INFO | [1/3] train | batches 1600/9556 | running_mean_total_loss=21.848476 | last_batch_total=19.785194
2026-05-03 04:46:09 | INFO | [1/3] train | batches 1800/9556 | running_mean_total_loss=21.615520 | last_batch_total=18.642214
2026-05-03 04:46:33 | INFO | [1/3] train | batches 2000/9556 | running_mean_total_loss=21.424492 | last_batch_total=19.126770
2026-05-03 04:46:56 | INFO | [1/3] train | batches 2200/9556 | running_mean_total_loss=21.251993 | last_batch_total=20.067890
2026-05-03 04:47:20 | INFO | [1/3] train | batches 2400/9556 | running_mean_total_loss=21.091662 | last_batch_total=21.296576
2026-05-03 04:47:43 | INFO | [1/3] train | batches 2600/9556 | running_mean_total_loss=20.950369 | last_batch_total=21.473610
2026-05-03 04:48:06 | INFO | [1/3] train | batches 2800/9556 | running_mean_total_loss=20.812170 | last_batch_total=18.577307
2026-05-03 04:48:29 | INFO | [1/3] train | batches 3000/9556 | running_mean_total_loss=20.684743 | last_batch_total=19.031942
2026-05-03 04:48:53 | INFO | [1/3] train | batches 3200/9556 | running_mean_total_loss=20.565470 | last_batch_total=19.370388
2026-05-03 04:49:16 | INFO | [1/3] train | batches 3400/9556 | running_mean_total_loss=20.460609 | last_batch_total=17.901428
2026-05-03 04:49:39 | INFO | [1/3] train | batches 3600/9556 | running_mean_total_loss=20.360685 | last_batch_total=18.704050
2026-05-03 04:50:02 | INFO | [1/3] train | batches 3800/9556 | running_mean_total_loss=20.279695 | last_batch_total=18.698799
2026-05-03 04:50:26 | INFO | [1/3] train | batches 4000/9556 | running_mean_total_loss=20.197283 | last_batch_total=18.349850
2026-05-03 04:50:49 | INFO | [1/3] train | batches 4200/9556 | running_mean_total_loss=20.113431 | last_batch_total=18.697649
2026-05-03 04:51:12 | INFO | [1/3] train | batches 4400/9556 | running_mean_total_loss=20.032889 | last_batch_total=17.910429
2026-05-03 04:51:36 | INFO | [1/3] train | batches 4600/9556 | running_mean_total_loss=19.960090 | last_batch_total=18.680731
2026-05-03 04:51:59 | INFO | [1/3] train | batches 4800/9556 | running_mean_total_loss=19.885348 | last_batch_total=19.747004
2026-05-03 04:52:22 | INFO | [1/3] train | batches 5000/9556 | running_mean_total_loss=19.817548 | last_batch_total=18.377134
2026-05-03 04:52:46 | INFO | [1/3] train | batches 5200/9556 | running_mean_total_loss=19.755744 | last_batch_total=17.471249
2026-05-03 04:53:09 | INFO | [1/3] train | batches 5400/9556 | running_mean_total_loss=19.693783 | last_batch_total=16.986446
2026-05-03 04:53:36 | INFO | [1/3] train | batches 5600/9556 | running_mean_total_loss=19.637911 | last_batch_total=17.537121
2026-05-03 04:53:59 | INFO | [1/3] train | batches 5800/9556 | running_mean_total_loss=19.580541 | last_batch_total=16.694393
2026-05-03 04:54:22 | INFO | [1/3] train | batches 6000/9556 | running_mean_total_loss=19.528960 | last_batch_total=17.524096
2026-05-03 04:54:46 | INFO | [1/3] train | batches 6200/9556 | running_mean_total_loss=19.476514 | last_batch_total=19.168791
2026-05-03 04:55:09 | INFO | [1/3] train | batches 6400/9556 | running_mean_total_loss=19.427162 | last_batch_total=16.602057
2026-05-03 04:55:32 | INFO | [1/3] train | batches 6600/9556 | running_mean_total_loss=19.378688 | last_batch_total=17.585087
2026-05-03 04:55:56 | INFO | [1/3] train | batches 6800/9556 | running_mean_total_loss=19.334235 | last_batch_total=18.040277
2026-05-03 04:56:19 | INFO | [1/3] train | batches 7000/9556 | running_mean_total_loss=19.287725 | last_batch_total=18.619505
2026-05-03 04:56:43 | INFO | [1/3] train | batches 7200/9556 | running_mean_total_loss=19.243620 | last_batch_total=19.385534
2026-05-03 04:57:06 | INFO | [1/3] train | batches 7400/9556 | running_mean_total_loss=19.204182 | last_batch_total=17.122126
2026-05-03 04:57:29 | INFO | [1/3] train | batches 7600/9556 | running_mean_total_loss=19.165498 | last_batch_total=18.759832
2026-05-03 04:57:53 | INFO | [1/3] train | batches 7800/9556 | running_mean_total_loss=19.125622 | last_batch_total=17.223742
2026-05-03 04:58:16 | INFO | [1/3] train | batches 8000/9556 | running_mean_total_loss=19.090186 | last_batch_total=16.699165
2026-05-03 04:58:39 | INFO | [1/3] train | batches 8200/9556 | running_mean_total_loss=19.053511 | last_batch_total=18.833124
2026-05-03 04:59:02 | INFO | [1/3] train | batches 8400/9556 | running_mean_total_loss=19.015717 | last_batch_total=17.545820
2026-05-03 04:59:26 | INFO | [1/3] train | batches 8600/9556 | running_mean_total_loss=18.979111 | last_batch_total=16.618998
2026-05-03 04:59:49 | INFO | [1/3] train | batches 8800/9556 | running_mean_total_loss=18.945135 | last_batch_total=17.449829
2026-05-03 05:00:12 | INFO | [1/3] train | batches 9000/9556 | running_mean_total_loss=18.907560 | last_batch_total=17.715212
2026-05-03 05:00:36 | INFO | [1/3] train | batches 9200/9556 | running_mean_total_loss=18.876985 | last_batch_total=16.620062
2026-05-03 05:00:59 | INFO | [1/3] train | batches 9400/9556 | running_mean_total_loss=18.844578 | last_batch_total=17.037615
2026-05-03 05:01:18 | INFO | [1/3] train | batches=9556 | wall_time=1117.7s | mean_total_loss=18.820707
2026-05-03 05:01:46 | INFO | [1/3] valid+test | batches 200/9556 | running_mean_val_total=15.208895 | running_mean_test_total=16.091167
2026-05-03 05:02:15 | INFO | [1/3] valid+test | batches 400/9556 | running_mean_val_total=15.111062 | running_mean_test_total=15.873559
2026-05-03 05:02:44 | INFO | [1/3] valid+test | batches 600/9556 | running_mean_val_total=15.077673 | running_mean_test_total=15.837304
2026-05-03 05:03:13 | INFO | [1/3] valid+test | batches 800/9556 | running_mean_val_total=15.107112 | running_mean_test_total=15.790319
2026-05-03 05:03:42 | INFO | [1/3] valid+test | batches 1000/9556 | running_mean_val_total=15.117104 | running_mean_test_total=15.767375
2026-05-03 05:04:10 | INFO | [1/3] valid+test | batches 1200/9556 | running_mean_val_total=15.379167 | running_mean_test_total=16.002609
2026-05-03 05:04:39 | INFO | [1/3] valid+test | batches 1400/9556 | running_mean_val_total=15.558941 | running_mean_test_total=16.147619
2026-05-03 05:05:08 | INFO | [1/3] valid+test | batches 1600/9556 | running_mean_val_total=15.711655 | running_mean_test_total=16.296165
2026-05-03 05:05:36 | INFO | [1/3] valid+test | batches 1800/9556 | running_mean_val_total=15.812193 | running_mean_test_total=16.384105
2026-05-03 05:06:05 | INFO | [1/3] valid+test | batches 2000/9556 | running_mean_val_total=15.885133 | running_mean_test_total=16.443265
2026-05-03 05:06:34 | INFO | [1/3] valid+test | batches 2200/9556 | running_mean_val_total=15.936679 | running_mean_test_total=16.491992
2026-05-03 05:07:02 | INFO | [1/3] valid+test | batches 2400/9556 | running_mean_val_total=15.987087 | running_mean_test_total=16.539484
2026-05-03 05:07:31 | INFO | [1/3] valid+test | batches 2600/9556 | running_mean_val_total=16.044384 | running_mean_test_total=16.591397
2026-05-03 05:07:59 | INFO | [1/3] valid+test | batches 2800/9556 | running_mean_val_total=16.076960 | running_mean_test_total=16.622583
2026-05-03 05:08:28 | INFO | [1/3] valid+test | batches 3000/9556 | running_mean_val_total=16.115123 | running_mean_test_total=16.659449
2026-05-03 05:08:56 | INFO | [1/3] valid+test | batches 3200/9556 | running_mean_val_total=16.158573 | running_mean_test_total=16.686863
2026-05-03 05:09:25 | INFO | [1/3] valid+test | batches 3400/9556 | running_mean_val_total=16.169026 | running_mean_test_total=16.694591
2026-05-03 05:09:54 | INFO | [1/3] valid+test | batches 3600/9556 | running_mean_val_total=16.161207 | running_mean_test_total=16.682074
2026-05-03 05:10:22 | INFO | [1/3] valid+test | batches 3800/9556 | running_mean_val_total=16.175182 | running_mean_test_total=16.697140
2026-05-03 05:10:51 | INFO | [1/3] valid+test | batches 4000/9556 | running_mean_val_total=16.221570 | running_mean_test_total=16.736397
2026-05-03 05:11:20 | INFO | [1/3] valid+test | batches 4200/9556 | running_mean_val_total=16.266063 | running_mean_test_total=16.773311
2026-05-03 05:11:49 | INFO | [1/3] valid+test | batches 4400/9556 | running_mean_val_total=16.300633 | running_mean_test_total=16.810722
2026-05-03 05:12:17 | INFO | [1/3] valid+test | batches 4600/9556 | running_mean_val_total=16.329361 | running_mean_test_total=16.836494
2026-05-03 05:12:46 | INFO | [1/3] valid+test | batches 4800/9556 | running_mean_val_total=16.359254 | running_mean_test_total=16.865055
2026-05-03 05:13:14 | INFO | [1/3] valid+test | batches 5000/9556 | running_mean_val_total=16.380251 | running_mean_test_total=16.881765
2026-05-03 05:13:43 | INFO | [1/3] valid+test | batches 5200/9556 | running_mean_val_total=16.399393 | running_mean_test_total=16.898426
2026-05-03 05:14:12 | INFO | [1/3] valid+test | batches 5400/9556 | running_mean_val_total=16.412320 | running_mean_test_total=16.914494
2026-05-03 05:14:40 | INFO | [1/3] valid+test | batches 5600/9556 | running_mean_val_total=16.426609 | running_mean_test_total=16.929059
2026-05-03 05:15:09 | INFO | [1/3] valid+test | batches 5800/9556 | running_mean_val_total=16.435411 | running_mean_test_total=16.935474
2026-05-03 05:15:38 | INFO | [1/3] valid+test | batches 6000/9556 | running_mean_val_total=16.442838 | running_mean_test_total=16.941345
2026-05-03 05:16:06 | INFO | [1/3] valid+test | batches 6200/9556 | running_mean_val_total=16.448542 | running_mean_test_total=16.944977
2026-05-03 05:16:35 | INFO | [1/3] valid+test | batches 6400/9556 | running_mean_val_total=16.446955 | running_mean_test_total=16.942601
2026-05-03 05:17:04 | INFO | [1/3] valid+test | batches 6600/9556 | running_mean_val_total=16.452421 | running_mean_test_total=16.942126
2026-05-03 05:17:33 | INFO | [1/3] valid+test | batches 6800/9556 | running_mean_val_total=16.457217 | running_mean_test_total=16.946388
2026-05-03 05:18:01 | INFO | [1/3] valid+test | batches 7000/9556 | running_mean_val_total=16.467923 | running_mean_test_total=16.952628
2026-05-03 05:18:30 | INFO | [1/3] valid+test | batches 7200/9556 | running_mean_val_total=16.471345 | running_mean_test_total=16.956220
2026-05-03 05:19:02 | INFO | [1/3] valid+test | batches 7400/9556 | running_mean_val_total=16.478996 | running_mean_test_total=16.956893
2026-05-03 05:19:31 | INFO | [1/3] valid+test | batches 7600/9556 | running_mean_val_total=16.477868 | running_mean_test_total=16.954133
2026-05-03 05:19:59 | INFO | [1/3] valid+test | batches 7800/9556 | running_mean_val_total=16.474854 | running_mean_test_total=16.947987
2026-05-03 05:20:28 | INFO | [1/3] valid+test | batches 8000/9556 | running_mean_val_total=16.458282 | running_mean_test_total=16.934578
2026-05-03 05:20:57 | INFO | [1/3] valid+test | batches 8200/9556 | running_mean_val_total=16.454688 | running_mean_test_total=16.930213
2026-05-03 05:21:25 | INFO | [1/3] valid+test | batches 8400/9556 | running_mean_val_total=16.462567 | running_mean_test_total=16.939383
2026-05-03 05:21:54 | INFO | [1/3] valid+test | batches 8600/9556 | running_mean_val_total=16.453624 | running_mean_test_total=16.931253
2026-05-03 05:22:23 | INFO | [1/3] valid+test | batches 8800/9556 | running_mean_val_total=16.461222 | running_mean_test_total=16.940568
2026-05-03 05:22:52 | INFO | [1/3] valid+test | batches 9000/9556 | running_mean_val_total=16.454330 | running_mean_test_total=16.934419
2026-05-03 05:23:21 | INFO | [1/3] valid+test | batches 9200/9556 | running_mean_val_total=16.445018 | running_mean_test_total=16.922780
2026-05-03 05:23:50 | INFO | [1/3] valid+test | batches 9400/9556 | running_mean_val_total=16.424786 | running_mean_test_total=16.903204
2026-05-03 05:24:12 | INFO | [1/3] valid+test | batches=9556 | wall_time=1374.4s | val_mean_total=16.407575 | test_mean_total=16.887785 (single pass)
2026-05-03 05:24:12 | INFO | Epoch 1/3 done | train_loss=18.820707 valid_loss=16.407575 test_loss=16.887785
2026-05-03 05:24:12 | INFO | Epoch 1/3 train | per-head mean CE: type=1.7170 event_description=2.1684 group_code=4.2101 diagnosis_value=5.3844 gap=0.0830 setting=0.9725 dept_type=0.7048 dept_specialty=2.3394 facility_size=0.7802 region=0.4608 | total=18.820707
2026-05-03 05:24:12 | INFO | Epoch 1/3 valid | per-head mean CE: type=1.5342 event_description=1.9156 group_code=3.6676 diagnosis_value=4.7165 gap=0.0763 setting=0.8925 dept_type=0.6412 dept_specialty=1.9227 facility_size=0.7184 region=0.3226 | total=16.407575
2026-05-03 05:24:12 | INFO | Epoch 1/3 test | per-head mean CE: type=1.5806 event_description=1.9683 group_code=3.7964 diagnosis_value=4.8671 gap=0.0763 setting=0.9036 dept_type=0.6533 dept_specialty=1.9900 facility_size=0.7298 region=0.3224 | total=16.887785
2026-05-03 05:24:12 | INFO | Optimizer LR after epoch 1 (next epoch): 5.50e-04
2026-05-03 05:24:12 | INFO | Wrote incremental metrics (1 epochs in snapshot)
2026-05-03 05:24:12 | INFO | Checkpoint saved after full epoch 1: /home/zhiyichen/datafest26/data/processed/patient_event_model/checkpoint_last.pt
2026-05-03 05:24:12 | INFO | New best valid total loss=16.407575 -> /home/zhiyichen/datafest26/data/processed/patient_event_model/checkpoint_best.pt
2026-05-03 05:24:12 | INFO | ---------- Epoch 2 / 3 ----------
2026-05-03 05:24:36 | INFO | [2/3] train | batches 200/9556 | running_mean_total_loss=17.424633 | last_batch_total=17.671394
2026-05-03 05:24:59 | INFO | [2/3] train | batches 400/9556 | running_mean_total_loss=17.440591 | last_batch_total=17.217287
2026-05-03 05:25:22 | INFO | [2/3] train | batches 600/9556 | running_mean_total_loss=17.393444 | last_batch_total=18.432417
2026-05-03 05:25:46 | INFO | [2/3] train | batches 800/9556 | running_mean_total_loss=17.338093 | last_batch_total=17.951771
2026-05-03 05:26:09 | INFO | [2/3] train | batches 1000/9556 | running_mean_total_loss=17.282942 | last_batch_total=16.141155
2026-05-03 05:26:32 | INFO | [2/3] train | batches 1200/9556 | running_mean_total_loss=17.256998 | last_batch_total=17.269566
2026-05-03 05:26:56 | INFO | [2/3] train | batches 1400/9556 | running_mean_total_loss=17.208272 | last_batch_total=16.594429
2026-05-03 05:27:19 | INFO | [2/3] train | batches 1600/9556 | running_mean_total_loss=17.175285 | last_batch_total=17.512682
2026-05-03 05:27:43 | INFO | [2/3] train | batches 1800/9556 | running_mean_total_loss=17.140956 | last_batch_total=16.553703
2026-05-03 05:28:06 | INFO | [2/3] train | batches 2000/9556 | running_mean_total_loss=17.113198 | last_batch_total=16.338032
2026-05-03 05:28:30 | INFO | [2/3] train | batches 2200/9556 | running_mean_total_loss=17.081477 | last_batch_total=16.600685
2026-05-03 05:28:53 | INFO | [2/3] train | batches 2400/9556 | running_mean_total_loss=17.049011 | last_batch_total=16.008907
2026-05-03 05:29:17 | INFO | [2/3] train | batches 2600/9556 | running_mean_total_loss=17.010330 | last_batch_total=16.081367
2026-05-03 05:29:40 | INFO | [2/3] train | batches 2800/9556 | running_mean_total_loss=16.986886 | last_batch_total=17.058887
2026-05-03 05:30:04 | INFO | [2/3] train | batches 3000/9556 | running_mean_total_loss=16.956866 | last_batch_total=16.943964
2026-05-03 05:30:27 | INFO | [2/3] train | batches 3200/9556 | running_mean_total_loss=16.927186 | last_batch_total=16.869637
2026-05-03 05:30:50 | INFO | [2/3] train | batches 3400/9556 | running_mean_total_loss=16.898019 | last_batch_total=16.821680
2026-05-03 05:31:14 | INFO | [2/3] train | batches 3600/9556 | running_mean_total_loss=16.871741 | last_batch_total=14.941778
2026-05-03 05:31:37 | INFO | [2/3] train | batches 3800/9556 | running_mean_total_loss=16.841600 | last_batch_total=16.929800
2026-05-03 05:32:01 | INFO | [2/3] train | batches 4000/9556 | running_mean_total_loss=16.823695 | last_batch_total=16.454432
2026-05-03 05:32:24 | INFO | [2/3] train | batches 4200/9556 | running_mean_total_loss=16.800615 | last_batch_total=15.382729
2026-05-03 05:32:48 | INFO | [2/3] train | batches 4400/9556 | running_mean_total_loss=16.777710 | last_batch_total=15.207001
2026-05-03 05:33:11 | INFO | [2/3] train | batches 4600/9556 | running_mean_total_loss=16.750739 | last_batch_total=16.547653
2026-05-03 05:33:35 | INFO | [2/3] train | batches 4800/9556 | running_mean_total_loss=16.732256 | last_batch_total=14.968081
2026-05-03 05:33:58 | INFO | [2/3] train | batches 5000/9556 | running_mean_total_loss=16.713338 | last_batch_total=15.382763
2026-05-03 05:34:21 | INFO | [2/3] train | batches 5200/9556 | running_mean_total_loss=16.694690 | last_batch_total=16.967144
2026-05-03 05:34:45 | INFO | [2/3] train | batches 5400/9556 | running_mean_total_loss=16.679184 | last_batch_total=16.589027
2026-05-03 05:35:08 | INFO | [2/3] train | batches 5600/9556 | running_mean_total_loss=16.658989 | last_batch_total=16.010059
2026-05-03 05:35:35 | INFO | [2/3] train | batches 5800/9556 | running_mean_total_loss=16.644785 | last_batch_total=16.333311
2026-05-03 05:35:58 | INFO | [2/3] train | batches 6000/9556 | running_mean_total_loss=16.632040 | last_batch_total=17.673450
2026-05-03 05:36:22 | INFO | [2/3] train | batches 6200/9556 | running_mean_total_loss=16.614916 | last_batch_total=14.692863
2026-05-03 05:36:45 | INFO | [2/3] train | batches 6400/9556 | running_mean_total_loss=16.600157 | last_batch_total=15.580693
2026-05-03 05:37:08 | INFO | [2/3] train | batches 6600/9556 | running_mean_total_loss=16.587144 | last_batch_total=16.666006
2026-05-03 05:37:32 | INFO | [2/3] train | batches 6800/9556 | running_mean_total_loss=16.574134 | last_batch_total=16.041771
2026-05-03 05:37:55 | INFO | [2/3] train | batches 7000/9556 | running_mean_total_loss=16.558231 | last_batch_total=17.114305
2026-05-03 05:38:18 | INFO | [2/3] train | batches 7200/9556 | running_mean_total_loss=16.543259 | last_batch_total=15.931591
2026-05-03 05:38:42 | INFO | [2/3] train | batches 7400/9556 | running_mean_total_loss=16.530245 | last_batch_total=17.308443
2026-05-03 05:39:05 | INFO | [2/3] train | batches 7600/9556 | running_mean_total_loss=16.515346 | last_batch_total=15.958281
2026-05-03 05:39:28 | INFO | [2/3] train | batches 7800/9556 | running_mean_total_loss=16.503524 | last_batch_total=16.521870
2026-05-03 05:39:51 | INFO | [2/3] train | batches 8000/9556 | running_mean_total_loss=16.492308 | last_batch_total=14.248956
2026-05-03 05:40:15 | INFO | [2/3] train | batches 8200/9556 | running_mean_total_loss=16.478506 | last_batch_total=15.282406
2026-05-03 05:40:38 | INFO | [2/3] train | batches 8400/9556 | running_mean_total_loss=16.465946 | last_batch_total=16.698961
2026-05-03 05:41:01 | INFO | [2/3] train | batches 8600/9556 | running_mean_total_loss=16.453396 | last_batch_total=16.720703
2026-05-03 05:41:25 | INFO | [2/3] train | batches 8800/9556 | running_mean_total_loss=16.441274 | last_batch_total=16.961405
2026-05-03 05:41:48 | INFO | [2/3] train | batches 9000/9556 | running_mean_total_loss=16.426483 | last_batch_total=16.230852
2026-05-03 05:42:11 | INFO | [2/3] train | batches 9200/9556 | running_mean_total_loss=16.416785 | last_batch_total=15.742094
2026-05-03 05:42:34 | INFO | [2/3] train | batches 9400/9556 | running_mean_total_loss=16.405640 | last_batch_total=15.424469
2026-05-03 05:42:52 | INFO | [2/3] train | batches=9556 | wall_time=1119.7s | mean_total_loss=16.398649
2026-05-03 05:43:20 | INFO | [2/3] valid+test | batches 200/9556 | running_mean_val_total=13.534801 | running_mean_test_total=14.425377
2026-05-03 05:43:49 | INFO | [2/3] valid+test | batches 400/9556 | running_mean_val_total=13.453180 | running_mean_test_total=14.246999
2026-05-03 05:44:18 | INFO | [2/3] valid+test | batches 600/9556 | running_mean_val_total=13.416378 | running_mean_test_total=14.194688
2026-05-03 05:44:47 | INFO | [2/3] valid+test | batches 800/9556 | running_mean_val_total=13.359205 | running_mean_test_total=14.133561
2026-05-03 05:45:15 | INFO | [2/3] valid+test | batches 1000/9556 | running_mean_val_total=13.360432 | running_mean_test_total=14.125378
2026-05-03 05:45:44 | INFO | [2/3] valid+test | batches 1200/9556 | running_mean_val_total=13.636552 | running_mean_test_total=14.345650
2026-05-03 05:46:13 | INFO | [2/3] valid+test | batches 1400/9556 | running_mean_val_total=13.819725 | running_mean_test_total=14.484548
2026-05-03 05:46:41 | INFO | [2/3] valid+test | batches 1600/9556 | running_mean_val_total=13.972857 | running_mean_test_total=14.618119
2026-05-03 05:47:10 | INFO | [2/3] valid+test | batches 1800/9556 | running_mean_val_total=14.083836 | running_mean_test_total=14.711113
2026-05-03 05:47:39 | INFO | [2/3] valid+test | batches 2000/9556 | running_mean_val_total=14.168339 | running_mean_test_total=14.780393
2026-05-03 05:48:08 | INFO | [2/3] valid+test | batches 2200/9556 | running_mean_val_total=14.224220 | running_mean_test_total=14.827090
2026-05-03 05:48:36 | INFO | [2/3] valid+test | batches 2400/9556 | running_mean_val_total=14.279004 | running_mean_test_total=14.877530
2026-05-03 05:49:05 | INFO | [2/3] valid+test | batches 2600/9556 | running_mean_val_total=14.341332 | running_mean_test_total=14.928895
2026-05-03 05:49:34 | INFO | [2/3] valid+test | batches 2800/9556 | running_mean_val_total=14.378573 | running_mean_test_total=14.959823
2026-05-03 05:50:02 | INFO | [2/3] valid+test | batches 3000/9556 | running_mean_val_total=14.420633 | running_mean_test_total=14.998477
2026-05-03 05:50:31 | INFO | [2/3] valid+test | batches 3200/9556 | running_mean_val_total=14.465873 | running_mean_test_total=15.024950
2026-05-03 05:51:00 | INFO | [2/3] valid+test | batches 3400/9556 | running_mean_val_total=14.474392 | running_mean_test_total=15.032344
2026-05-03 05:51:29 | INFO | [2/3] valid+test | batches 3600/9556 | running_mean_val_total=14.469265 | running_mean_test_total=15.019687
2026-05-03 05:51:57 | INFO | [2/3] valid+test | batches 3800/9556 | running_mean_val_total=14.482904 | running_mean_test_total=15.035007
2026-05-03 05:52:26 | INFO | [2/3] valid+test | batches 4000/9556 | running_mean_val_total=14.532136 | running_mean_test_total=15.074099
2026-05-03 05:52:55 | INFO | [2/3] valid+test | batches 4200/9556 | running_mean_val_total=14.579606 | running_mean_test_total=15.114002
2026-05-03 05:53:24 | INFO | [2/3] valid+test | batches 4400/9556 | running_mean_val_total=14.615879 | running_mean_test_total=15.153018
2026-05-03 05:53:53 | INFO | [2/3] valid+test | batches 4600/9556 | running_mean_val_total=14.647321 | running_mean_test_total=15.180638
2026-05-03 05:54:21 | INFO | [2/3] valid+test | batches 4800/9556 | running_mean_val_total=14.677615 | running_mean_test_total=15.208450
2026-05-03 05:54:50 | INFO | [2/3] valid+test | batches 5000/9556 | running_mean_val_total=14.700556 | running_mean_test_total=15.224654
2026-05-03 05:55:19 | INFO | [2/3] valid+test | batches 5200/9556 | running_mean_val_total=14.723729 | running_mean_test_total=15.242873
2026-05-03 05:55:48 | INFO | [2/3] valid+test | batches 5400/9556 | running_mean_val_total=14.739573 | running_mean_test_total=15.260280
2026-05-03 05:56:16 | INFO | [2/3] valid+test | batches 5600/9556 | running_mean_val_total=14.756893 | running_mean_test_total=15.276804
2026-05-03 05:56:45 | INFO | [2/3] valid+test | batches 5800/9556 | running_mean_val_total=14.770017 | running_mean_test_total=15.286135
2026-05-03 05:57:17 | INFO | [2/3] valid+test | batches 6000/9556 | running_mean_val_total=14.779644 | running_mean_test_total=15.293163
2026-05-03 05:57:46 | INFO | [2/3] valid+test | batches 6200/9556 | running_mean_val_total=14.784614 | running_mean_test_total=15.296268
2026-05-03 05:58:15 | INFO | [2/3] valid+test | batches 6400/9556 | running_mean_val_total=14.786099 | running_mean_test_total=15.296246
2026-05-03 05:58:43 | INFO | [2/3] valid+test | batches 6600/9556 | running_mean_val_total=14.793980 | running_mean_test_total=15.297277
2026-05-03 05:59:12 | INFO | [2/3] valid+test | batches 6800/9556 | running_mean_val_total=14.798019 | running_mean_test_total=15.301949
2026-05-03 05:59:41 | INFO | [2/3] valid+test | batches 7000/9556 | running_mean_val_total=14.805613 | running_mean_test_total=15.307584
2026-05-03 06:00:10 | INFO | [2/3] valid+test | batches 7200/9556 | running_mean_val_total=14.808681 | running_mean_test_total=15.308866
2026-05-03 06:00:39 | INFO | [2/3] valid+test | batches 7400/9556 | running_mean_val_total=14.816372 | running_mean_test_total=15.308366
2026-05-03 06:01:07 | INFO | [2/3] valid+test | batches 7600/9556 | running_mean_val_total=14.816957 | running_mean_test_total=15.306939
2026-05-03 06:01:36 | INFO | [2/3] valid+test | batches 7800/9556 | running_mean_val_total=14.814781 | running_mean_test_total=15.301866
2026-05-03 06:02:05 | INFO | [2/3] valid+test | batches 8000/9556 | running_mean_val_total=14.800583 | running_mean_test_total=15.290778
2026-05-03 06:02:34 | INFO | [2/3] valid+test | batches 8200/9556 | running_mean_val_total=14.799011 | running_mean_test_total=15.287594
2026-05-03 06:03:02 | INFO | [2/3] valid+test | batches 8400/9556 | running_mean_val_total=14.808488 | running_mean_test_total=15.297330
2026-05-03 06:03:31 | INFO | [2/3] valid+test | batches 8600/9556 | running_mean_val_total=14.801495 | running_mean_test_total=15.292648
2026-05-03 06:04:00 | INFO | [2/3] valid+test | batches 8800/9556 | running_mean_val_total=14.811330 | running_mean_test_total=15.303608
2026-05-03 06:04:28 | INFO | [2/3] valid+test | batches 9000/9556 | running_mean_val_total=14.804722 | running_mean_test_total=15.297307
2026-05-03 06:04:57 | INFO | [2/3] valid+test | batches 9200/9556 | running_mean_val_total=14.796169 | running_mean_test_total=15.286741
2026-05-03 06:05:25 | INFO | [2/3] valid+test | batches 9400/9556 | running_mean_val_total=14.775518 | running_mean_test_total=15.268250
2026-05-03 06:05:48 | INFO | [2/3] valid+test | batches=9556 | wall_time=1375.8s | val_mean_total=14.758140 | test_mean_total=15.253568 (single pass)
2026-05-03 06:05:48 | INFO | Epoch 2/3 done | train_loss=16.398649 valid_loss=14.758140 test_loss=15.253568
2026-05-03 06:05:48 | INFO | Epoch 2/3 train | per-head mean CE: type=1.5395 event_description=1.9351 group_code=3.5901 diagnosis_value=4.5864 gap=0.0772 setting=0.9058 dept_type=0.6472 dept_specialty=2.0233 facility_size=0.7285 region=0.3655 | total=16.398649
2026-05-03 06:05:48 | INFO | Epoch 2/3 valid | per-head mean CE: type=1.4356 event_description=1.7812 group_code=3.1933 diagnosis_value=4.0659 gap=0.0762 setting=0.8517 dept_type=0.6127 dept_specialty=1.7633 facility_size=0.6859 region=0.2925 | total=14.758140
2026-05-03 06:05:48 | INFO | Epoch 2/3 test | per-head mean CE: type=1.4813 event_description=1.8399 group_code=3.3232 diagnosis_value=4.2205 gap=0.0762 setting=0.8658 dept_type=0.6284 dept_specialty=1.8285 facility_size=0.6972 region=0.2926 | total=15.253568
2026-05-03 06:05:48 | INFO | Optimizer LR after epoch 2 (next epoch): 1.00e-03
2026-05-03 06:05:48 | INFO | Wrote incremental metrics (2 epochs in snapshot)
2026-05-03 06:05:48 | INFO | Checkpoint saved after full epoch 2: /home/zhiyichen/datafest26/data/processed/patient_event_model/checkpoint_last.pt
2026-05-03 06:05:49 | INFO | New best valid total loss=14.758140 -> /home/zhiyichen/datafest26/data/processed/patient_event_model/checkpoint_best.pt
2026-05-03 06:05:49 | INFO | ---------- Epoch 3 / 3 ----------
2026-05-03 06:06:12 | INFO | [3/3] train | batches 200/9556 | running_mean_total_loss=15.877291 | last_batch_total=15.125625
2026-05-03 06:06:35 | INFO | [3/3] train | batches 400/9556 | running_mean_total_loss=15.883698 | last_batch_total=16.066320
2026-05-03 06:06:58 | INFO | [3/3] train | batches 600/9556 | running_mean_total_loss=15.880132 | last_batch_total=16.149296
2026-05-03 06:07:21 | INFO | [3/3] train | batches 800/9556 | running_mean_total_loss=15.873704 | last_batch_total=16.329706
2026-05-03 06:07:44 | INFO | [3/3] train | batches 1000/9556 | running_mean_total_loss=15.888134 | last_batch_total=16.159601
2026-05-03 06:08:08 | INFO | [3/3] train | batches 1200/9556 | running_mean_total_loss=15.890197 | last_batch_total=15.804524
2026-05-03 06:08:31 | INFO | [3/3] train | batches 1400/9556 | running_mean_total_loss=15.882711 | last_batch_total=16.657341
2026-05-03 06:08:54 | INFO | [3/3] train | batches 1600/9556 | running_mean_total_loss=15.871939 | last_batch_total=17.021040
2026-05-03 06:09:17 | INFO | [3/3] train | batches 1800/9556 | running_mean_total_loss=15.872854 | last_batch_total=17.264444
2026-05-03 06:09:40 | INFO | [3/3] train | batches 2000/9556 | running_mean_total_loss=15.871338 | last_batch_total=16.362705
2026-05-03 06:10:04 | INFO | [3/3] train | batches 2200/9556 | running_mean_total_loss=15.871256 | last_batch_total=17.514370
2026-05-03 06:10:27 | INFO | [3/3] train | batches 2400/9556 | running_mean_total_loss=15.865585 | last_batch_total=13.863673
2026-05-03 06:10:50 | INFO | [3/3] train | batches 2600/9556 | running_mean_total_loss=15.865762 | last_batch_total=16.255648
2026-05-03 06:11:13 | INFO | [3/3] train | batches 2800/9556 | running_mean_total_loss=15.860032 | last_batch_total=15.795797
2026-05-03 06:11:36 | INFO | [3/3] train | batches 3000/9556 | running_mean_total_loss=15.860957 | last_batch_total=16.464247
2026-05-03 06:12:00 | INFO | [3/3] train | batches 3200/9556 | running_mean_total_loss=15.853871 | last_batch_total=16.339886
2026-05-03 06:12:23 | INFO | [3/3] train | batches 3400/9556 | running_mean_total_loss=15.847323 | last_batch_total=16.399799
2026-05-03 06:12:46 | INFO | [3/3] train | batches 3600/9556 | running_mean_total_loss=15.841266 | last_batch_total=16.070896
2026-05-03 06:13:09 | INFO | [3/3] train | batches 3800/9556 | running_mean_total_loss=15.840157 | last_batch_total=17.320257
2026-05-03 06:13:33 | INFO | [3/3] train | batches 4000/9556 | running_mean_total_loss=15.831490 | last_batch_total=15.926730
2026-05-03 06:13:56 | INFO | [3/3] train | batches 4200/9556 | running_mean_total_loss=15.829077 | last_batch_total=15.989201
2026-05-03 06:14:19 | INFO | [3/3] train | batches 4400/9556 | running_mean_total_loss=15.826564 | last_batch_total=16.184824
2026-05-03 06:14:42 | INFO | [3/3] train | batches 4600/9556 | running_mean_total_loss=15.825782 | last_batch_total=14.196802
2026-05-03 06:15:05 | INFO | [3/3] train | batches 4800/9556 | running_mean_total_loss=15.820967 | last_batch_total=16.334721
2026-05-03 06:15:28 | INFO | [3/3] train | batches 5000/9556 | running_mean_total_loss=15.816125 | last_batch_total=15.184495
2026-05-03 06:15:51 | INFO | [3/3] train | batches 5200/9556 | running_mean_total_loss=15.813230 | last_batch_total=14.345359
2026-05-03 06:16:14 | INFO | [3/3] train | batches 5400/9556 | running_mean_total_loss=15.805311 | last_batch_total=15.367196
2026-05-03 06:16:37 | INFO | [3/3] train | batches 5600/9556 | running_mean_total_loss=15.803000 | last_batch_total=15.787071
2026-05-03 06:17:00 | INFO | [3/3] train | batches 5800/9556 | running_mean_total_loss=15.799609 | last_batch_total=14.663106
2026-05-03 06:17:23 | INFO | [3/3] train | batches 6000/9556 | running_mean_total_loss=15.791939 | last_batch_total=12.563798
2026-05-03 06:17:49 | INFO | [3/3] train | batches 6200/9556 | running_mean_total_loss=15.786650 | last_batch_total=15.518190
2026-05-03 06:18:12 | INFO | [3/3] train | batches 6400/9556 | running_mean_total_loss=15.784274 | last_batch_total=16.154167
2026-05-03 06:18:35 | INFO | [3/3] train | batches 6600/9556 | running_mean_total_loss=15.782045 | last_batch_total=15.891081
2026-05-03 06:18:59 | INFO | [3/3] train | batches 6800/9556 | running_mean_total_loss=15.779929 | last_batch_total=15.957820
2026-05-03 06:19:22 | INFO | [3/3] train | batches 7000/9556 | running_mean_total_loss=15.775437 | last_batch_total=15.502195
2026-05-03 06:19:45 | INFO | [3/3] train | batches 7200/9556 | running_mean_total_loss=15.769795 | last_batch_total=15.211549
2026-05-03 06:20:08 | INFO | [3/3] train | batches 7400/9556 | running_mean_total_loss=15.766619 | last_batch_total=15.385856
2026-05-03 06:20:31 | INFO | [3/3] train | batches 7600/9556 | running_mean_total_loss=15.762234 | last_batch_total=16.440163
2026-05-03 06:20:54 | INFO | [3/3] train | batches 7800/9556 | running_mean_total_loss=15.756985 | last_batch_total=14.525699
2026-05-03 06:21:17 | INFO | [3/3] train | batches 8000/9556 | running_mean_total_loss=15.749603 | last_batch_total=13.982424
2026-05-03 06:21:41 | INFO | [3/3] train | batches 8200/9556 | running_mean_total_loss=15.746711 | last_batch_total=14.830366
2026-05-03 06:22:04 | INFO | [3/3] train | batches 8400/9556 | running_mean_total_loss=15.744550 | last_batch_total=14.878550
2026-05-03 06:22:27 | INFO | [3/3] train | batches 8600/9556 | running_mean_total_loss=15.742651 | last_batch_total=15.062337
2026-05-03 06:22:50 | INFO | [3/3] train | batches 8800/9556 | running_mean_total_loss=15.736993 | last_batch_total=16.680767
2026-05-03 06:23:14 | INFO | [3/3] train | batches 9000/9556 | running_mean_total_loss=15.731483 | last_batch_total=13.198071
2026-05-03 06:23:37 | INFO | [3/3] train | batches 9200/9556 | running_mean_total_loss=15.728970 | last_batch_total=16.254286
2026-05-03 06:24:01 | INFO | [3/3] train | batches 9400/9556 | running_mean_total_loss=15.726034 | last_batch_total=16.242588
2026-05-03 06:24:19 | INFO | [3/3] train | batches=9556 | wall_time=1110.3s | mean_total_loss=15.724483
2026-05-03 06:24:48 | INFO | [3/3] valid+test | batches 200/9556 | running_mean_val_total=13.215942 | running_mean_test_total=14.124154
2026-05-03 06:25:16 | INFO | [3/3] valid+test | batches 400/9556 | running_mean_val_total=13.131106 | running_mean_test_total=13.967754
2026-05-03 06:25:45 | INFO | [3/3] valid+test | batches 600/9556 | running_mean_val_total=13.074546 | running_mean_test_total=13.880151
2026-05-03 06:26:13 | INFO | [3/3] valid+test | batches 800/9556 | running_mean_val_total=12.986469 | running_mean_test_total=13.798201
2026-05-03 06:26:42 | INFO | [3/3] valid+test | batches 1000/9556 | running_mean_val_total=12.987136 | running_mean_test_total=13.790888
2026-05-03 06:27:11 | INFO | [3/3] valid+test | batches 1200/9556 | running_mean_val_total=13.267079 | running_mean_test_total=14.011470
2026-05-03 06:27:39 | INFO | [3/3] valid+test | batches 1400/9556 | running_mean_val_total=13.454290 | running_mean_test_total=14.150645
2026-05-03 06:28:08 | INFO | [3/3] valid+test | batches 1600/9556 | running_mean_val_total=13.606702 | running_mean_test_total=14.284826
2026-05-03 06:28:37 | INFO | [3/3] valid+test | batches 1800/9556 | running_mean_val_total=13.718652 | running_mean_test_total=14.385550
2026-05-03 06:29:05 | INFO | [3/3] valid+test | batches 2000/9556 | running_mean_val_total=13.806636 | running_mean_test_total=14.458881
2026-05-03 06:29:34 | INFO | [3/3] valid+test | batches 2200/9556 | running_mean_val_total=13.867733 | running_mean_test_total=14.508705
2026-05-03 06:30:02 | INFO | [3/3] valid+test | batches 2400/9556 | running_mean_val_total=13.924555 | running_mean_test_total=14.558920
2026-05-03 06:30:31 | INFO | [3/3] valid+test | batches 2600/9556 | running_mean_val_total=13.988764 | running_mean_test_total=14.608872
2026-05-03 06:31:00 | INFO | [3/3] valid+test | batches 2800/9556 | running_mean_val_total=14.027895 | running_mean_test_total=14.640375
2026-05-03 06:31:29 | INFO | [3/3] valid+test | batches 3000/9556 | running_mean_val_total=14.069826 | running_mean_test_total=14.680491
2026-05-03 06:31:58 | INFO | [3/3] valid+test | batches 3200/9556 | running_mean_val_total=14.116380 | running_mean_test_total=14.708055
2026-05-03 06:32:26 | INFO | [3/3] valid+test | batches 3400/9556 | running_mean_val_total=14.126216 | running_mean_test_total=14.715433
2026-05-03 06:32:55 | INFO | [3/3] valid+test | batches 3600/9556 | running_mean_val_total=14.119795 | running_mean_test_total=14.703887
2026-05-03 06:33:24 | INFO | [3/3] valid+test | batches 3800/9556 | running_mean_val_total=14.133822 | running_mean_test_total=14.718283
2026-05-03 06:33:53 | INFO | [3/3] valid+test | batches 4000/9556 | running_mean_val_total=14.184411 | running_mean_test_total=14.758560
2026-05-03 06:34:22 | INFO | [3/3] valid+test | batches 4200/9556 | running_mean_val_total=14.234164 | running_mean_test_total=14.800345
2026-05-03 06:34:51 | INFO | [3/3] valid+test | batches 4400/9556 | running_mean_val_total=14.271329 | running_mean_test_total=14.840223
2026-05-03 06:35:19 | INFO | [3/3] valid+test | batches 4600/9556 | running_mean_val_total=14.303966 | running_mean_test_total=14.869372
2026-05-03 06:35:48 | INFO | [3/3] valid+test | batches 4800/9556 | running_mean_val_total=14.335392 | running_mean_test_total=14.897642
2026-05-03 06:36:17 | INFO | [3/3] valid+test | batches 5000/9556 | running_mean_val_total=14.358385 | running_mean_test_total=14.914083
2026-05-03 06:36:45 | INFO | [3/3] valid+test | batches 5200/9556 | running_mean_val_total=14.382685 | running_mean_test_total=14.932664
2026-05-03 06:37:14 | INFO | [3/3] valid+test | batches 5400/9556 | running_mean_val_total=14.399531 | running_mean_test_total=14.951379
2026-05-03 06:37:42 | INFO | [3/3] valid+test | batches 5600/9556 | running_mean_val_total=14.418604 | running_mean_test_total=14.968752
2026-05-03 06:38:11 | INFO | [3/3] valid+test | batches 5800/9556 | running_mean_val_total=14.432078 | running_mean_test_total=14.978238
2026-05-03 06:38:39 | INFO | [3/3] valid+test | batches 6000/9556 | running_mean_val_total=14.441492 | running_mean_test_total=14.985462
2026-05-03 06:39:11 | INFO | [3/3] valid+test | batches 6200/9556 | running_mean_val_total=14.447199 | running_mean_test_total=14.988477
2026-05-03 06:39:40 | INFO | [3/3] valid+test | batches 6400/9556 | running_mean_val_total=14.448800 | running_mean_test_total=14.989212
2026-05-03 06:40:08 | INFO | [3/3] valid+test | batches 6600/9556 | running_mean_val_total=14.456702 | running_mean_test_total=14.990094
2026-05-03 06:40:37 | INFO | [3/3] valid+test | batches 6800/9556 | running_mean_val_total=14.461205 | running_mean_test_total=14.994939
2026-05-03 06:41:06 | INFO | [3/3] valid+test | batches 7000/9556 | running_mean_val_total=14.468297 | running_mean_test_total=15.000414
2026-05-03 06:41:34 | INFO | [3/3] valid+test | batches 7200/9556 | running_mean_val_total=14.471532 | running_mean_test_total=15.001886
2026-05-03 06:42:03 | INFO | [3/3] valid+test | batches 7400/9556 | running_mean_val_total=14.479126 | running_mean_test_total=15.001507
2026-05-03 06:42:31 | INFO | [3/3] valid+test | batches 7600/9556 | running_mean_val_total=14.480000 | running_mean_test_total=14.999843
2026-05-03 06:43:00 | INFO | [3/3] valid+test | batches 7800/9556 | running_mean_val_total=14.477781 | running_mean_test_total=14.995079
2026-05-03 06:43:28 | INFO | [3/3] valid+test | batches 8000/9556 | running_mean_val_total=14.464366 | running_mean_test_total=14.985328
2026-05-03 06:43:57 | INFO | [3/3] valid+test | batches 8200/9556 | running_mean_val_total=14.463387 | running_mean_test_total=14.983072
2026-05-03 06:44:25 | INFO | [3/3] valid+test | batches 8400/9556 | running_mean_val_total=14.472864 | running_mean_test_total=14.992868
2026-05-03 06:44:54 | INFO | [3/3] valid+test | batches 8600/9556 | running_mean_val_total=14.466169 | running_mean_test_total=14.988868
2026-05-03 06:45:22 | INFO | [3/3] valid+test | batches 8800/9556 | running_mean_val_total=14.477030 | running_mean_test_total=15.000381
2026-05-03 06:45:51 | INFO | [3/3] valid+test | batches 9000/9556 | running_mean_val_total=14.471080 | running_mean_test_total=14.993978
2026-05-03 06:46:19 | INFO | [3/3] valid+test | batches 9200/9556 | running_mean_val_total=14.462938 | running_mean_test_total=14.983983
2026-05-03 06:46:48 | INFO | [3/3] valid+test | batches 9400/9556 | running_mean_val_total=14.442154 | running_mean_test_total=14.966084
2026-05-03 06:47:10 | INFO | [3/3] valid+test | batches=9556 | wall_time=1370.9s | val_mean_total=14.424468 | test_mean_total=14.951584 (single pass)
2026-05-03 06:47:10 | INFO | Epoch 3/3 done | train_loss=15.724483 valid_loss=14.424468 test_loss=14.951584
2026-05-03 06:47:10 | INFO | Epoch 3/3 train | per-head mean CE: type=1.5014 event_description=1.8821 group_code=3.4042 diagnosis_value=4.3059 gap=0.0770 setting=0.8893 dept_type=0.6346 dept_specialty=1.9616 facility_size=0.7147 region=0.3538 | total=15.724483
2026-05-03 06:47:10 | INFO | Epoch 3/3 valid | per-head mean CE: type=1.4184 event_description=1.7563 group_code=3.0977 diagnosis_value=3.9133 gap=0.0761 setting=0.8463 dept_type=0.6087 dept_specialty=1.7375 facility_size=0.6774 region=0.2928 | total=14.424468
2026-05-03 06:47:10 | INFO | Epoch 3/3 test | per-head mean CE: type=1.4723 event_description=1.8200 group_code=3.2299 diagnosis_value=4.0725 gap=0.0761 setting=0.8620 dept_type=0.6277 dept_specialty=1.8059 facility_size=0.6918 region=0.2933 | total=14.951584
2026-05-03 06:47:10 | INFO | Optimizer LR after epoch 3 (next epoch): 1.00e-05
2026-05-03 06:47:10 | INFO | Wrote incremental metrics (3 epochs in snapshot)
2026-05-03 06:47:10 | INFO | Checkpoint saved after full epoch 3: /home/zhiyichen/datafest26/data/processed/patient_event_model/checkpoint_last.pt
2026-05-03 06:47:11 | INFO | New best valid total loss=14.424468 -> /home/zhiyichen/datafest26/data/processed/patient_event_model/checkpoint_best.pt
2026-05-03 06:47:11 | INFO | Saved artifacts to /home/zhiyichen/datafest26/data/processed/patient_event_model
2026-05-03 07:16:16 | INFO | Also writing log lines to /home/zhiyichen/datafest26/data/processed/patient_event_model/train.log
2026-05-03 07:17:30 | INFO | Also writing log lines to /home/zhiyichen/datafest26/data/processed/patient_event_model/train.log
2026-05-03 07:18:07 | INFO | Also writing log lines to /home/zhiyichen/datafest26/data/processed/patient_event_model/train.log
2026-05-03 07:18:07 | INFO | Loading sequence artifact (large .pt files can take minutes before other logs appear): /home/zhiyichen/datafest26_cp/token_sequence_model/patient_sequences_with_external_features.pt
2026-05-03 07:19:04 | INFO | Sequence artifact opened with tensor memory-mapping (mmap=True).
2026-05-03 07:19:04 | INFO | Deserialized 305,788 raw sequence entries; loading vocab and building training sequences…
2026-05-03 07:19:47 | INFO | Released raw PT dict from RAM; holding 305,788 prepared sequences for training.
2026-05-03 07:19:51 | INFO | Run configuration | input=../datafest26_cp/token_sequence_model/patient_sequences_with_external_features.pt vocab=../datafest26_cp/token_sequence_model/final_token_format.json device=cuda sequences=305,788 split=temporal epochs=8 batch_size=32 lr=0.001 scheduler=cosine_warmup weight_decay=0.01 label_smoothing=0.01 backbone=transformer d_model=128
2026-05-03 07:19:51 | INFO | External per-token tensor dim=20 key=external_feature_tensor | SDOH streams=14 context_fields=30 numeric_fields=[]
2026-05-03 07:19:52 | INFO | Model parameters: total=6,382,870 trainable=6,382,870 heads=10
2026-05-03 07:19:53 | INFO | LR schedule: cosine_warmup | warmup_epochs=2 lr_min≈1.00e-05 (ratio=0.01)
2026-05-03 07:19:53 | INFO | DataLoaders | train_batches=9556 eval_batches=9556 (batch_size=32)
2026-05-03 07:19:53 | INFO | Incremental metrics: data/processed/patient_event_model/training_metrics.jsonl (one JSON object per epoch) and data/processed/patient_event_model/training_history_snapshot.json (full history after each epoch) — appending to existing files (resume)
2026-05-03 07:19:53 | INFO | LR scheduler: applying 3 scheduler.step() call(s) to match resumed epoch (checkpoint has no usable scheduler state).
2026-05-03 07:24:12 | INFO | Also writing log lines to /home/zhiyichen/datafest26/data/processed/patient_event_model/train.log
2026-05-03 07:24:12 | INFO | Loading sequence artifact (large .pt files can take minutes before other logs appear): /home/zhiyichen/datafest26_cp/token_sequence_model/patient_sequences_with_external_features.pt
2026-05-03 07:25:09 | INFO | Sequence artifact opened with tensor memory-mapping (mmap=True).
2026-05-03 07:25:09 | INFO | Deserialized 305,788 raw sequence entries; loading vocab and building training sequences…
2026-05-03 07:25:51 | INFO | Released raw PT dict from RAM; holding 305,788 prepared sequences for training.
2026-05-03 07:25:55 | INFO | Run configuration | input=../datafest26_cp/token_sequence_model/patient_sequences_with_external_features.pt vocab=../datafest26_cp/token_sequence_model/final_token_format.json device=cuda sequences=305,788 split=temporal epochs=8 batch_size=32 lr=0.001 scheduler=cosine_warmup weight_decay=0.01 label_smoothing=0.01 backbone=transformer d_model=128
2026-05-03 07:25:55 | INFO | External per-token tensor dim=20 key=external_feature_tensor | SDOH streams=14 context_fields=30 numeric_fields=[]
2026-05-03 07:25:56 | INFO | Model parameters: total=6,382,870 trainable=6,382,870 heads=10
2026-05-03 07:25:57 | INFO | LR schedule: cosine_warmup | warmup_epochs=2 lr_min≈1.00e-05 (ratio=0.01)
2026-05-03 07:25:57 | INFO | DataLoaders | train_batches=9556 eval_batches=9556 (batch_size=32)
2026-05-03 07:25:57 | INFO | Incremental metrics: data/processed/patient_event_model/training_metrics.jsonl (one JSON object per epoch) and data/processed/patient_event_model/training_history_snapshot.json (full history after each epoch) — appending to existing files (resume)
2026-05-03 07:25:57 | INFO | LR scheduler: applying 3 scheduler.step() call(s) to match resumed epoch (checkpoint has no usable scheduler state).
2026-05-03 07:25:57 | INFO | Resumed from /home/zhiyichen/datafest26/data/processed/patient_event_model/checkpoint_last.pt | last completed epoch=3 | history_len=3
2026-05-03 07:25:57 | INFO | ---------- Epoch 4 / 8 ----------
2026-05-03 07:26:24 | INFO | [4/8] train | batches 200/9556 | running_mean_total_loss=15.280127 | last_batch_total=14.291109
2026-05-03 07:26:51 | INFO | [4/8] train | batches 400/9556 | running_mean_total_loss=15.317310 | last_batch_total=15.771638
2026-05-03 07:27:17 | INFO | [4/8] train | batches 600/9556 | running_mean_total_loss=15.326438 | last_batch_total=14.935766
2026-05-03 07:27:43 | INFO | [4/8] train | batches 800/9556 | running_mean_total_loss=15.355404 | last_batch_total=16.616432
2026-05-03 07:28:10 | INFO | [4/8] train | batches 1000/9556 | running_mean_total_loss=15.363223 | last_batch_total=15.683610
2026-05-03 07:28:36 | INFO | [4/8] train | batches 1200/9556 | running_mean_total_loss=15.363400 | last_batch_total=14.303280
2026-05-03 07:29:03 | INFO | [4/8] train | batches 1400/9556 | running_mean_total_loss=15.362854 | last_batch_total=16.149277
2026-05-03 07:29:29 | INFO | [4/8] train | batches 1600/9556 | running_mean_total_loss=15.359988 | last_batch_total=16.808189
2026-05-03 07:29:56 | INFO | [4/8] train | batches 1800/9556 | running_mean_total_loss=15.353752 | last_batch_total=15.387168
2026-05-03 07:30:22 | INFO | [4/8] train | batches 2000/9556 | running_mean_total_loss=15.352713 | last_batch_total=15.942497
2026-05-03 07:30:49 | INFO | [4/8] train | batches 2200/9556 | running_mean_total_loss=15.346014 | last_batch_total=14.141472
2026-05-03 07:31:15 | INFO | [4/8] train | batches 2400/9556 | running_mean_total_loss=15.342458 | last_batch_total=16.035160
2026-05-03 07:31:42 | INFO | [4/8] train | batches 2600/9556 | running_mean_total_loss=15.342565 | last_batch_total=16.583509
2026-05-03 07:32:08 | INFO | [4/8] train | batches 2800/9556 | running_mean_total_loss=15.349697 | last_batch_total=15.849516
2026-05-03 07:32:35 | INFO | [4/8] train | batches 3000/9556 | running_mean_total_loss=15.351195 | last_batch_total=15.325675
2026-05-03 07:33:01 | INFO | [4/8] train | batches 3200/9556 | running_mean_total_loss=15.355309 | last_batch_total=14.057457
2026-05-03 07:33:28 | INFO | [4/8] train | batches 3400/9556 | running_mean_total_loss=15.362223 | last_batch_total=13.957779
2026-05-03 07:33:54 | INFO | [4/8] train | batches 3600/9556 | running_mean_total_loss=15.361676 | last_batch_total=15.273197
2026-05-03 07:34:20 | INFO | [4/8] train | batches 3800/9556 | running_mean_total_loss=15.358533 | last_batch_total=15.987289
2026-05-03 07:34:47 | INFO | [4/8] train | batches 4000/9556 | running_mean_total_loss=15.357582 | last_batch_total=15.352220
2026-05-03 07:35:13 | INFO | [4/8] train | batches 4200/9556 | running_mean_total_loss=15.358059 | last_batch_total=15.551722
2026-05-03 07:35:39 | INFO | [4/8] train | batches 4400/9556 | running_mean_total_loss=15.363184 | last_batch_total=14.382346
2026-05-03 07:36:06 | INFO | [4/8] train | batches 4600/9556 | running_mean_total_loss=15.361200 | last_batch_total=16.002224
2026-05-03 07:36:32 | INFO | [4/8] train | batches 4800/9556 | running_mean_total_loss=15.362461 | last_batch_total=15.739202
2026-05-03 07:36:59 | INFO | [4/8] train | batches 5000/9556 | running_mean_total_loss=15.362817 | last_batch_total=14.010144
2026-05-03 07:37:25 | INFO | [4/8] train | batches 5200/9556 | running_mean_total_loss=15.361618 | last_batch_total=15.635883
2026-05-03 07:37:51 | INFO | [4/8] train | batches 5400/9556 | running_mean_total_loss=15.363335 | last_batch_total=14.807216
2026-05-03 07:38:18 | INFO | [4/8] train | batches 5600/9556 | running_mean_total_loss=15.363702 | last_batch_total=15.769649
2026-05-03 07:38:44 | INFO | [4/8] train | batches 5800/9556 | running_mean_total_loss=15.359993 | last_batch_total=16.306959
2026-05-03 07:39:11 | INFO | [4/8] train | batches 6000/9556 | running_mean_total_loss=15.362299 | last_batch_total=15.171544
2026-05-03 07:39:37 | INFO | [4/8] train | batches 6200/9556 | running_mean_total_loss=15.361485 | last_batch_total=15.579483
2026-05-03 07:40:03 | INFO | [4/8] train | batches 6400/9556 | running_mean_total_loss=15.359956 | last_batch_total=15.040697
2026-05-03 07:40:30 | INFO | [4/8] train | batches 6600/9556 | running_mean_total_loss=15.358794 | last_batch_total=15.839388
2026-05-03 07:40:56 | INFO | [4/8] train | batches 6800/9556 | running_mean_total_loss=15.359951 | last_batch_total=14.361373
2026-05-03 07:41:23 | INFO | [4/8] train | batches 7000/9556 | running_mean_total_loss=15.361462 | last_batch_total=17.011524
2026-05-03 07:41:49 | INFO | [4/8] train | batches 7200/9556 | running_mean_total_loss=15.362028 | last_batch_total=15.951000
2026-05-03 07:42:15 | INFO | [4/8] train | batches 7400/9556 | running_mean_total_loss=15.360393 | last_batch_total=15.468673
2026-05-03 07:42:42 | INFO | [4/8] train | batches 7600/9556 | running_mean_total_loss=15.357415 | last_batch_total=15.928771
2026-05-03 07:43:08 | INFO | [4/8] train | batches 7800/9556 | running_mean_total_loss=15.353616 | last_batch_total=13.810545
2026-05-03 07:43:34 | INFO | [4/8] train | batches 8000/9556 | running_mean_total_loss=15.352485 | last_batch_total=14.428067
2026-05-03 07:44:01 | INFO | [4/8] train | batches 8200/9556 | running_mean_total_loss=15.351507 | last_batch_total=14.496085
2026-05-03 07:44:27 | INFO | [4/8] train | batches 8400/9556 | running_mean_total_loss=15.351801 | last_batch_total=16.041433
2026-05-03 07:44:54 | INFO | [4/8] train | batches 8600/9556 | running_mean_total_loss=15.347662 | last_batch_total=14.716028
2026-05-03 07:45:20 | INFO | [4/8] train | batches 8800/9556 | running_mean_total_loss=15.346415 | last_batch_total=15.640882
2026-05-03 07:45:47 | INFO | [4/8] train | batches 9000/9556 | running_mean_total_loss=15.346251 | last_batch_total=15.005810
2026-05-03 07:46:13 | INFO | [4/8] train | batches 9200/9556 | running_mean_total_loss=15.346378 | last_batch_total=14.854590
2026-05-03 07:46:39 | INFO | [4/8] train | batches 9400/9556 | running_mean_total_loss=15.345275 | last_batch_total=15.195210
2026-05-03 07:47:00 | INFO | [4/8] train | batches=9556 | wall_time=1263.0s | mean_total_loss=15.343681
2026-05-03 07:47:29 | INFO | [4/8] valid+test | batches 200/9556 | running_mean_val_total=12.985759 | running_mean_test_total=13.808061
2026-05-03 07:47:58 | INFO | [4/8] valid+test | batches 400/9556 | running_mean_val_total=12.911896 | running_mean_test_total=13.670078
2026-05-03 07:48:26 | INFO | [4/8] valid+test | batches 600/9556 | running_mean_val_total=12.845046 | running_mean_test_total=13.588478
2026-05-03 07:48:55 | INFO | [4/8] valid+test | batches 800/9556 | running_mean_val_total=12.759045 | running_mean_test_total=13.497319
2026-05-03 07:49:24 | INFO | [4/8] valid+test | batches 1000/9556 | running_mean_val_total=12.763498 | running_mean_test_total=13.489660
2026-05-03 07:49:52 | INFO | [4/8] valid+test | batches 1200/9556 | running_mean_val_total=13.035060 | running_mean_test_total=13.711703
2026-05-03 07:50:21 | INFO | [4/8] valid+test | batches 1400/9556 | running_mean_val_total=13.220418 | running_mean_test_total=13.859237
2026-05-03 07:50:50 | INFO | [4/8] valid+test | batches 1600/9556 | running_mean_val_total=13.373651 | running_mean_test_total=13.996872
2026-05-03 07:51:19 | INFO | [4/8] valid+test | batches 1800/9556 | running_mean_val_total=13.486003 | running_mean_test_total=14.100162
2026-05-03 07:51:47 | INFO | [4/8] valid+test | batches 2000/9556 | running_mean_val_total=13.573584 | running_mean_test_total=14.176157
2026-05-03 07:52:16 | INFO | [4/8] valid+test | batches 2200/9556 | running_mean_val_total=13.634873 | running_mean_test_total=14.229689
2026-05-03 07:52:45 | INFO | [4/8] valid+test | batches 2400/9556 | running_mean_val_total=13.693189 | running_mean_test_total=14.283895
2026-05-03 07:53:13 | INFO | [4/8] valid+test | batches 2600/9556 | running_mean_val_total=13.754914 | running_mean_test_total=14.334765
2026-05-03 07:53:42 | INFO | [4/8] valid+test | batches 2800/9556 | running_mean_val_total=13.792779 | running_mean_test_total=14.367798
2026-05-03 07:54:11 | INFO | [4/8] valid+test | batches 3000/9556 | running_mean_val_total=13.833972 | running_mean_test_total=14.407880
2026-05-03 07:54:40 | INFO | [4/8] valid+test | batches 3200/9556 | running_mean_val_total=13.878506 | running_mean_test_total=14.434611
2026-05-03 07:55:08 | INFO | [4/8] valid+test | batches 3400/9556 | running_mean_val_total=13.887641 | running_mean_test_total=14.443880
2026-05-03 07:55:37 | INFO | [4/8] valid+test | batches 3600/9556 | running_mean_val_total=13.882637 | running_mean_test_total=14.434421
2026-05-03 07:56:06 | INFO | [4/8] valid+test | batches 3800/9556 | running_mean_val_total=13.895890 | running_mean_test_total=14.451270
2026-05-03 07:56:35 | INFO | [4/8] valid+test | batches 4000/9556 | running_mean_val_total=13.946079 | running_mean_test_total=14.493446
2026-05-03 07:57:04 | INFO | [4/8] valid+test | batches 4200/9556 | running_mean_val_total=13.995450 | running_mean_test_total=14.536683
2026-05-03 07:57:33 | INFO | [4/8] valid+test | batches 4400/9556 | running_mean_val_total=14.031847 | running_mean_test_total=14.577224
2026-05-03 07:58:02 | INFO | [4/8] valid+test | batches 4600/9556 | running_mean_val_total=14.063830 | running_mean_test_total=14.607779
2026-05-03 07:58:31 | INFO | [4/8] valid+test | batches 4800/9556 | running_mean_val_total=14.094218 | running_mean_test_total=14.636431
2026-05-03 07:59:00 | INFO | [4/8] valid+test | batches 5000/9556 | running_mean_val_total=14.116989 | running_mean_test_total=14.653448
2026-05-03 07:59:28 | INFO | [4/8] valid+test | batches 5200/9556 | running_mean_val_total=14.141504 | running_mean_test_total=14.672226
2026-05-03 07:59:57 | INFO | [4/8] valid+test | batches 5400/9556 | running_mean_val_total=14.159190 | running_mean_test_total=14.691385
2026-05-03 08:00:26 | INFO | [4/8] valid+test | batches 5600/9556 | running_mean_val_total=14.177665 | running_mean_test_total=14.708637
2026-05-03 08:00:55 | INFO | [4/8] valid+test | batches 5800/9556 | running_mean_val_total=14.191087 | running_mean_test_total=14.718408
2026-05-03 08:01:24 | INFO | [4/8] valid+test | batches 6000/9556 | running_mean_val_total=14.200737 | running_mean_test_total=14.725393
2026-05-03 08:01:53 | INFO | [4/8] valid+test | batches 6200/9556 | running_mean_val_total=14.205909 | running_mean_test_total=14.728783
2026-05-03 08:02:22 | INFO | [4/8] valid+test | batches 6400/9556 | running_mean_val_total=14.207891 | running_mean_test_total=14.729355
2026-05-03 08:02:51 | INFO | [4/8] valid+test | batches 6600/9556 | running_mean_val_total=14.215379 | running_mean_test_total=14.730802
2026-05-03 08:03:20 | INFO | [4/8] valid+test | batches 6800/9556 | running_mean_val_total=14.219833 | running_mean_test_total=14.735255
2026-05-03 08:03:48 | INFO | [4/8] valid+test | batches 7000/9556 | running_mean_val_total=14.226452 | running_mean_test_total=14.741094
2026-05-03 08:04:17 | INFO | [4/8] valid+test | batches 7200/9556 | running_mean_val_total=14.229134 | running_mean_test_total=14.742044
2026-05-03 08:04:46 | INFO | [4/8] valid+test | batches 7400/9556 | running_mean_val_total=14.236460 | running_mean_test_total=14.741397
2026-05-03 08:05:15 | INFO | [4/8] valid+test | batches 7600/9556 | running_mean_val_total=14.237860 | running_mean_test_total=14.739763
2026-05-03 08:05:43 | INFO | [4/8] valid+test | batches 7800/9556 | running_mean_val_total=14.236077 | running_mean_test_total=14.734705
2026-05-03 08:06:12 | INFO | [4/8] valid+test | batches 8000/9556 | running_mean_val_total=14.222075 | running_mean_test_total=14.724466
2026-05-03 08:06:41 | INFO | [4/8] valid+test | batches 8200/9556 | running_mean_val_total=14.220526 | running_mean_test_total=14.721744
2026-05-03 08:07:10 | INFO | [4/8] valid+test | batches 8400/9556 | running_mean_val_total=14.230373 | running_mean_test_total=14.731686
2026-05-03 08:07:38 | INFO | [4/8] valid+test | batches 8600/9556 | running_mean_val_total=14.223809 | running_mean_test_total=14.728100
2026-05-03 08:08:07 | INFO | [4/8] valid+test | batches 8800/9556 | running_mean_val_total=14.234749 | running_mean_test_total=14.740199
2026-05-03 08:08:36 | INFO | [4/8] valid+test | batches 9000/9556 | running_mean_val_total=14.228964 | running_mean_test_total=14.733798
2026-05-03 08:09:05 | INFO | [4/8] valid+test | batches 9200/9556 | running_mean_val_total=14.220891 | running_mean_test_total=14.723490
2026-05-03 08:09:38 | INFO | [4/8] valid+test | batches 9400/9556 | running_mean_val_total=14.200131 | running_mean_test_total=14.705513
2026-05-03 08:10:00 | INFO | [4/8] valid+test | batches=9556 | wall_time=1380.0s | val_mean_total=14.182969 | test_mean_total=14.691601 (single pass)
2026-05-03 08:10:00 | INFO | Epoch 4/8 done | train_loss=15.343681 valid_loss=14.182969 test_loss=14.691601
2026-05-03 08:10:00 | INFO | Epoch 4/8 train | per-head mean CE: type=1.4777 event_description=1.8498 group_code=3.3124 diagnosis_value=4.1457 gap=0.0766 setting=0.8792 dept_type=0.6259 dept_specialty=1.9243 facility_size=0.7057 region=0.3465 | total=15.343681
2026-05-03 08:10:00 | INFO | Epoch 4/8 valid | per-head mean CE: type=1.4020 event_description=1.7334 group_code=3.0402 diagnosis_value=3.8189 gap=0.0759 setting=0.8384 dept_type=0.6023 dept_specialty=1.7120 facility_size=0.6723 region=0.2878 | total=14.182969
2026-05-03 08:10:00 | INFO | Epoch 4/8 test | per-head mean CE: type=1.4513 event_description=1.7952 group_code=3.1682 diagnosis_value=3.9746 gap=0.0759 setting=0.8549 dept_type=0.6210 dept_specialty=1.7762 facility_size=0.6859 region=0.2884 | total=14.691601
2026-05-03 08:10:00 | INFO | Optimizer LR after epoch 4 (next epoch): 7.53e-04
2026-05-03 08:10:00 | INFO | Wrote incremental metrics (4 epochs in snapshot)
2026-05-03 08:10:00 | INFO | Checkpoint saved after full epoch 4: /home/zhiyichen/datafest26/data/processed/patient_event_model/checkpoint_last.pt
2026-05-03 08:10:01 | INFO | New best valid total loss=14.182969 -> /home/zhiyichen/datafest26/data/processed/patient_event_model/checkpoint_best.pt
2026-05-03 08:10:01 | INFO | ---------- Epoch 5 / 8 ----------
2026-05-03 08:10:27 | INFO | [5/8] train | batches 200/9556 | running_mean_total_loss=15.201375 | last_batch_total=15.646152
2026-05-03 08:10:54 | INFO | [5/8] train | batches 400/9556 | running_mean_total_loss=15.176589 | last_batch_total=15.329618
2026-05-03 08:11:20 | INFO | [5/8] train | batches 600/9556 | running_mean_total_loss=15.126388 | last_batch_total=14.857365
2026-05-03 08:11:47 | INFO | [5/8] train | batches 800/9556 | running_mean_total_loss=15.087699 | last_batch_total=15.455599
2026-05-03 08:12:13 | INFO | [5/8] train | batches 1000/9556 | running_mean_total_loss=15.111655 | last_batch_total=15.419556
2026-05-03 08:12:40 | INFO | [5/8] train | batches 1200/9556 | running_mean_total_loss=15.099603 | last_batch_total=15.155225
2026-05-03 08:13:06 | INFO | [5/8] train | batches 1400/9556 | running_mean_total_loss=15.108043 | last_batch_total=14.643463
2026-05-03 08:13:32 | INFO | [5/8] train | batches 1600/9556 | running_mean_total_loss=15.111684 | last_batch_total=15.040970
2026-05-03 08:13:59 | INFO | [5/8] train | batches 1800/9556 | running_mean_total_loss=15.117950 | last_batch_total=15.342741
2026-05-03 08:14:25 | INFO | [5/8] train | batches 2000/9556 | running_mean_total_loss=15.104181 | last_batch_total=15.238373
2026-05-03 08:14:51 | INFO | [5/8] train | batches 2200/9556 | running_mean_total_loss=15.112826 | last_batch_total=16.212215
2026-05-03 08:15:18 | INFO | [5/8] train | batches 2400/9556 | running_mean_total_loss=15.109045 | last_batch_total=16.518770
2026-05-03 08:15:43 | INFO | [5/8] train | batches 2600/9556 | running_mean_total_loss=15.109598 | last_batch_total=16.221886
2026-05-03 08:16:10 | INFO | [5/8] train | batches 2800/9556 | running_mean_total_loss=15.115548 | last_batch_total=14.362005
2026-05-03 08:16:36 | INFO | [5/8] train | batches 3000/9556 | running_mean_total_loss=15.126569 | last_batch_total=14.540581
2026-05-03 08:17:03 | INFO | [5/8] train | batches 3200/9556 | running_mean_total_loss=15.123365 | last_batch_total=15.376182
2026-05-03 08:17:29 | INFO | [5/8] train | batches 3400/9556 | running_mean_total_loss=15.119271 | last_batch_total=16.068342
2026-05-03 08:17:55 | INFO | [5/8] train | batches 3600/9556 | running_mean_total_loss=15.116091 | last_batch_total=16.763807
2026-05-03 08:18:21 | INFO | [5/8] train | batches 3800/9556 | running_mean_total_loss=15.115768 | last_batch_total=14.400475
2026-05-03 08:18:47 | INFO | [5/8] train | batches 4000/9556 | running_mean_total_loss=15.116906 | last_batch_total=15.486797
2026-05-03 08:19:13 | INFO | [5/8] train | batches 4200/9556 | running_mean_total_loss=15.116292 | last_batch_total=15.183620
2026-05-03 08:19:39 | INFO | [5/8] train | batches 4400/9556 | running_mean_total_loss=15.116651 | last_batch_total=16.392014
2026-05-03 08:20:06 | INFO | [5/8] train | batches 4600/9556 | running_mean_total_loss=15.115879 | last_batch_total=15.318426
2026-05-03 08:20:32 | INFO | [5/8] train | batches 4800/9556 | running_mean_total_loss=15.117837 | last_batch_total=16.170321
2026-05-03 08:20:58 | INFO | [5/8] train | batches 5000/9556 | running_mean_total_loss=15.119493 | last_batch_total=15.012282
2026-05-03 08:21:24 | INFO | [5/8] train | batches 5200/9556 | running_mean_total_loss=15.122122 | last_batch_total=15.427056
2026-05-03 08:21:50 | INFO | [5/8] train | batches 5400/9556 | running_mean_total_loss=15.120275 | last_batch_total=15.539249
2026-05-03 08:22:16 | INFO | [5/8] train | batches 5600/9556 | running_mean_total_loss=15.121910 | last_batch_total=15.200999
2026-05-03 08:22:42 | INFO | [5/8] train | batches 5800/9556 | running_mean_total_loss=15.120188 | last_batch_total=13.561337
2026-05-03 08:23:08 | INFO | [5/8] train | batches 6000/9556 | running_mean_total_loss=15.118829 | last_batch_total=16.388546
2026-05-03 08:23:34 | INFO | [5/8] train | batches 6200/9556 | running_mean_total_loss=15.117319 | last_batch_total=14.065499
2026-05-03 08:24:01 | INFO | [5/8] train | batches 6400/9556 | running_mean_total_loss=15.117733 | last_batch_total=16.016359
2026-05-03 08:24:27 | INFO | [5/8] train | batches 6600/9556 | running_mean_total_loss=15.118932 | last_batch_total=14.374496
2026-05-03 08:24:53 | INFO | [5/8] train | batches 6800/9556 | running_mean_total_loss=15.117734 | last_batch_total=14.698021
2026-05-03 08:25:19 | INFO | [5/8] train | batches 7000/9556 | running_mean_total_loss=15.115267 | last_batch_total=13.754753
2026-05-03 08:25:45 | INFO | [5/8] train | batches 7200/9556 | running_mean_total_loss=15.116036 | last_batch_total=15.642590
2026-05-03 08:26:11 | INFO | [5/8] train | batches 7400/9556 | running_mean_total_loss=15.115197 | last_batch_total=16.806969
2026-05-03 08:26:37 | INFO | [5/8] train | batches 7600/9556 | running_mean_total_loss=15.114557 | last_batch_total=15.386106
2026-05-03 08:27:04 | INFO | [5/8] train | batches 7800/9556 | running_mean_total_loss=15.114004 | last_batch_total=14.987750
2026-05-03 08:27:30 | INFO | [5/8] train | batches 8000/9556 | running_mean_total_loss=15.117223 | last_batch_total=14.017142
2026-05-03 08:27:56 | INFO | [5/8] train | batches 8200/9556 | running_mean_total_loss=15.116854 | last_batch_total=13.312494
2026-05-03 08:28:22 | INFO | [5/8] train | batches 8400/9556 | running_mean_total_loss=15.115180 | last_batch_total=15.308910
2026-05-03 08:28:49 | INFO | [5/8] train | batches 8600/9556 | running_mean_total_loss=15.112353 | last_batch_total=15.420352
2026-05-03 08:29:15 | INFO | [5/8] train | batches 8800/9556 | running_mean_total_loss=15.114866 | last_batch_total=15.836966
2026-05-03 08:29:42 | INFO | [5/8] train | batches 9000/9556 | running_mean_total_loss=15.115441 | last_batch_total=15.266823
2026-05-03 08:30:08 | INFO | [5/8] train | batches 9200/9556 | running_mean_total_loss=15.115935 | last_batch_total=15.456130
2026-05-03 08:30:34 | INFO | [5/8] train | batches 9400/9556 | running_mean_total_loss=15.116853 | last_batch_total=15.547599
2026-05-03 08:30:55 | INFO | [5/8] train | batches=9556 | wall_time=1253.8s | mean_total_loss=15.115602
2026-05-03 08:31:24 | INFO | [5/8] valid+test | batches 200/9556 | running_mean_val_total=12.745449 | running_mean_test_total=13.570495
2026-05-03 08:31:52 | INFO | [5/8] valid+test | batches 400/9556 | running_mean_val_total=12.677830 | running_mean_test_total=13.422500
2026-05-03 08:32:21 | INFO | [5/8] valid+test | batches 600/9556 | running_mean_val_total=12.631626 | running_mean_test_total=13.366002
2026-05-03 08:32:49 | INFO | [5/8] valid+test | batches 800/9556 | running_mean_val_total=12.521457 | running_mean_test_total=13.267766
2026-05-03 08:33:18 | INFO | [5/8] valid+test | batches 1000/9556 | running_mean_val_total=12.516423 | running_mean_test_total=13.266968
2026-05-03 08:33:47 | INFO | [5/8] valid+test | batches 1200/9556 | running_mean_val_total=12.798175 | running_mean_test_total=13.501398
2026-05-03 08:34:15 | INFO | [5/8] valid+test | batches 1400/9556 | running_mean_val_total=12.991037 | running_mean_test_total=13.655498
2026-05-03 08:34:44 | INFO | [5/8] valid+test | batches 1600/9556 | running_mean_val_total=13.148670 | running_mean_test_total=13.797997
2026-05-03 08:35:13 | INFO | [5/8] valid+test | batches 1800/9556 | running_mean_val_total=13.268023 | running_mean_test_total=13.907157
2026-05-03 08:35:41 | INFO | [5/8] valid+test | batches 2000/9556 | running_mean_val_total=13.358452 | running_mean_test_total=13.987920
2026-05-03 08:36:10 | INFO | [5/8] valid+test | batches 2200/9556 | running_mean_val_total=13.423232 | running_mean_test_total=14.043688
2026-05-03 08:36:39 | INFO | [5/8] valid+test | batches 2400/9556 | running_mean_val_total=13.482263 | running_mean_test_total=14.098106
2026-05-03 08:37:11 | INFO | [5/8] valid+test | batches 2600/9556 | running_mean_val_total=13.547320 | running_mean_test_total=14.151622
2026-05-03 08:37:40 | INFO | [5/8] valid+test | batches 2800/9556 | running_mean_val_total=13.588126 | running_mean_test_total=14.186516
2026-05-03 08:38:08 | INFO | [5/8] valid+test | batches 3000/9556 | running_mean_val_total=13.630811 | running_mean_test_total=14.228466
2026-05-03 08:38:37 | INFO | [5/8] valid+test | batches 3200/9556 | running_mean_val_total=13.676439 | running_mean_test_total=14.256192
2026-05-03 08:39:05 | INFO | [5/8] valid+test | batches 3400/9556 | running_mean_val_total=13.686489 | running_mean_test_total=14.264974
2026-05-03 08:39:34 | INFO | [5/8] valid+test | batches 3600/9556 | running_mean_val_total=13.682118 | running_mean_test_total=14.256391
2026-05-03 08:40:02 | INFO | [5/8] valid+test | batches 3800/9556 | running_mean_val_total=13.695860 | running_mean_test_total=14.273251
2026-05-03 08:40:31 | INFO | [5/8] valid+test | batches 4000/9556 | running_mean_val_total=13.747331 | running_mean_test_total=14.315801
2026-05-03 08:41:00 | INFO | [5/8] valid+test | batches 4200/9556 | running_mean_val_total=13.798150 | running_mean_test_total=14.360244
2026-05-03 08:41:28 | INFO | [5/8] valid+test | batches 4400/9556 | running_mean_val_total=13.835400 | running_mean_test_total=14.401036
2026-05-03 08:41:57 | INFO | [5/8] valid+test | batches 4600/9556 | running_mean_val_total=13.868136 | running_mean_test_total=14.432445
2026-05-03 08:42:26 | INFO | [5/8] valid+test | batches 4800/9556 | running_mean_val_total=13.899739 | running_mean_test_total=14.461471
2026-05-03 08:42:54 | INFO | [5/8] valid+test | batches 5000/9556 | running_mean_val_total=13.923962 | running_mean_test_total=14.479445
2026-05-03 08:43:23 | INFO | [5/8] valid+test | batches 5200/9556 | running_mean_val_total=13.949582 | running_mean_test_total=14.498670
2026-05-03 08:43:51 | INFO | [5/8] valid+test | batches 5400/9556 | running_mean_val_total=13.967446 | running_mean_test_total=14.519120
2026-05-03 08:44:20 | INFO | [5/8] valid+test | batches 5600/9556 | running_mean_val_total=13.987251 | running_mean_test_total=14.536937
2026-05-03 08:44:49 | INFO | [5/8] valid+test | batches 5800/9556 | running_mean_val_total=14.001658 | running_mean_test_total=14.547720
2026-05-03 08:45:17 | INFO | [5/8] valid+test | batches 6000/9556 | running_mean_val_total=14.012124 | running_mean_test_total=14.555095
2026-05-03 08:45:46 | INFO | [5/8] valid+test | batches 6200/9556 | running_mean_val_total=14.018288 | running_mean_test_total=14.558917
2026-05-03 08:46:14 | INFO | [5/8] valid+test | batches 6400/9556 | running_mean_val_total=14.020531 | running_mean_test_total=14.560124
2026-05-03 08:46:43 | INFO | [5/8] valid+test | batches 6600/9556 | running_mean_val_total=14.028062 | running_mean_test_total=14.561938
2026-05-03 08:47:11 | INFO | [5/8] valid+test | batches 6800/9556 | running_mean_val_total=14.032590 | running_mean_test_total=14.566297
2026-05-03 08:47:40 | INFO | [5/8] valid+test | batches 7000/9556 | running_mean_val_total=14.038554 | running_mean_test_total=14.571383
2026-05-03 08:48:08 | INFO | [5/8] valid+test | batches 7200/9556 | running_mean_val_total=14.041843 | running_mean_test_total=14.572550
2026-05-03 08:48:36 | INFO | [5/8] valid+test | batches 7400/9556 | running_mean_val_total=14.049333 | running_mean_test_total=14.571777
2026-05-03 08:49:05 | INFO | [5/8] valid+test | batches 7600/9556 | running_mean_val_total=14.050912 | running_mean_test_total=14.570549
2026-05-03 08:49:33 | INFO | [5/8] valid+test | batches 7800/9556 | running_mean_val_total=14.049415 | running_mean_test_total=14.565364
2026-05-03 08:50:02 | INFO | [5/8] valid+test | batches 8000/9556 | running_mean_val_total=14.035105 | running_mean_test_total=14.554867
2026-05-03 08:50:30 | INFO | [5/8] valid+test | batches 8200/9556 | running_mean_val_total=14.033609 | running_mean_test_total=14.552295
2026-05-03 08:50:58 | INFO | [5/8] valid+test | batches 8400/9556 | running_mean_val_total=14.042596 | running_mean_test_total=14.561080
2026-05-03 08:51:27 | INFO | [5/8] valid+test | batches 8600/9556 | running_mean_val_total=14.036036 | running_mean_test_total=14.556640
2026-05-03 08:51:56 | INFO | [5/8] valid+test | batches 8800/9556 | running_mean_val_total=14.047373 | running_mean_test_total=14.568998
2026-05-03 08:52:24 | INFO | [5/8] valid+test | batches 9000/9556 | running_mean_val_total=14.040308 | running_mean_test_total=14.562211
2026-05-03 08:52:52 | INFO | [5/8] valid+test | batches 9200/9556 | running_mean_val_total=14.031742 | running_mean_test_total=14.551581
2026-05-03 08:53:21 | INFO | [5/8] valid+test | batches 9400/9556 | running_mean_val_total=14.009860 | running_mean_test_total=14.532584
2026-05-03 08:53:43 | INFO | [5/8] valid+test | batches=9556 | wall_time=1368.5s | val_mean_total=13.992119 | test_mean_total=14.518028 (single pass)
2026-05-03 08:53:43 | INFO | Epoch 5/8 done | train_loss=15.115602 valid_loss=13.992119 test_loss=14.518028
2026-05-03 08:53:43 | INFO | Epoch 5/8 train | per-head mean CE: type=1.4629 event_description=1.8294 group_code=3.2598 diagnosis_value=4.0509 gap=0.0764 setting=0.8726 dept_type=0.6202 dept_specialty=1.9016 facility_size=0.6999 region=0.3419 | total=15.115602
2026-05-03 08:53:43 | INFO | Epoch 5/8 valid | per-head mean CE: type=1.3885 event_description=1.7164 group_code=2.9938 diagnosis_value=3.7465 gap=0.0758 setting=0.8293 dept_type=0.5976 dept_specialty=1.6952 facility_size=0.6650 region=0.2840 | total=13.992119
2026-05-03 08:53:43 | INFO | Epoch 5/8 test | per-head mean CE: type=1.4416 event_description=1.7827 group_code=3.1220 diagnosis_value=3.9027 gap=0.0758 setting=0.8468 dept_type=0.6178 dept_specialty=1.7635 facility_size=0.6806 region=0.2844 | total=14.518028
2026-05-03 08:53:43 | INFO | Optimizer LR after epoch 5 (next epoch): 5.05e-04
2026-05-03 08:53:43 | INFO | Wrote incremental metrics (5 epochs in snapshot)
2026-05-03 08:53:44 | INFO | Checkpoint saved after full epoch 5: /home/zhiyichen/datafest26/data/processed/patient_event_model/checkpoint_last.pt
2026-05-03 08:53:44 | INFO | New best valid total loss=13.992119 -> /home/zhiyichen/datafest26/data/processed/patient_event_model/checkpoint_best.pt
2026-05-03 08:53:44 | INFO | ---------- Epoch 6 / 8 ----------
2026-05-03 08:54:10 | INFO | [6/8] train | batches 200/9556 | running_mean_total_loss=14.890893 | last_batch_total=16.142420
2026-05-03 08:54:36 | INFO | [6/8] train | batches 400/9556 | running_mean_total_loss=14.952799 | last_batch_total=16.264355
2026-05-03 08:55:02 | INFO | [6/8] train | batches 600/9556 | running_mean_total_loss=14.927924 | last_batch_total=16.099277
2026-05-03 08:55:28 | INFO | [6/8] train | batches 800/9556 | running_mean_total_loss=14.915291 | last_batch_total=15.129917
2026-05-03 08:55:54 | INFO | [6/8] train | batches 1000/9556 | running_mean_total_loss=14.911315 | last_batch_total=15.252302
2026-05-03 08:56:20 | INFO | [6/8] train | batches 1200/9556 | running_mean_total_loss=14.896804 | last_batch_total=14.452579
2026-05-03 08:56:46 | INFO | [6/8] train | batches 1400/9556 | running_mean_total_loss=14.913033 | last_batch_total=15.891116
2026-05-03 08:57:12 | INFO | [6/8] train | batches 1600/9556 | running_mean_total_loss=14.914525 | last_batch_total=15.008942
2026-05-03 08:57:38 | INFO | [6/8] train | batches 1800/9556 | running_mean_total_loss=14.920972 | last_batch_total=16.184322
2026-05-03 08:58:04 | INFO | [6/8] train | batches 2000/9556 | running_mean_total_loss=14.915758 | last_batch_total=14.569221
2026-05-03 08:58:30 | INFO | [6/8] train | batches 2200/9556 | running_mean_total_loss=14.907734 | last_batch_total=13.069395
2026-05-03 08:58:55 | INFO | [6/8] train | batches 2400/9556 | running_mean_total_loss=14.906595 | last_batch_total=14.880676
2026-05-03 08:59:22 | INFO | [6/8] train | batches 2600/9556 | running_mean_total_loss=14.905089 | last_batch_total=15.121393
2026-05-03 08:59:47 | INFO | [6/8] train | batches 2800/9556 | running_mean_total_loss=14.913174 | last_batch_total=14.511697
2026-05-03 09:00:13 | INFO | [6/8] train | batches 3000/9556 | running_mean_total_loss=14.911885 | last_batch_total=13.635295
2026-05-03 09:00:39 | INFO | [6/8] train | batches 3200/9556 | running_mean_total_loss=14.913725 | last_batch_total=15.778172
2026-05-03 09:01:05 | INFO | [6/8] train | batches 3400/9556 | running_mean_total_loss=14.912134 | last_batch_total=15.777741
2026-05-03 09:01:31 | INFO | [6/8] train | batches 3600/9556 | running_mean_total_loss=14.916111 | last_batch_total=15.014328
2026-05-03 09:01:58 | INFO | [6/8] train | batches 3800/9556 | running_mean_total_loss=14.913252 | last_batch_total=15.391750
2026-05-03 09:02:24 | INFO | [6/8] train | batches 4000/9556 | running_mean_total_loss=14.913416 | last_batch_total=14.688985
2026-05-03 09:02:53 | INFO | [6/8] train | batches 4200/9556 | running_mean_total_loss=14.911057 | last_batch_total=14.964375
2026-05-03 09:03:19 | INFO | [6/8] train | batches 4400/9556 | running_mean_total_loss=14.912042 | last_batch_total=15.222351
2026-05-03 09:03:45 | INFO | [6/8] train | batches 4600/9556 | running_mean_total_loss=14.914793 | last_batch_total=15.472397
2026-05-03 09:04:11 | INFO | [6/8] train | batches 4800/9556 | running_mean_total_loss=14.917104 | last_batch_total=15.028055
2026-05-03 09:04:37 | INFO | [6/8] train | batches 5000/9556 | running_mean_total_loss=14.918256 | last_batch_total=14.769531
2026-05-03 09:05:03 | INFO | [6/8] train | batches 5200/9556 | running_mean_total_loss=14.918945 | last_batch_total=15.489552
2026-05-03 09:05:28 | INFO | [6/8] train | batches 5400/9556 | running_mean_total_loss=14.914760 | last_batch_total=15.191372
2026-05-03 09:05:54 | INFO | [6/8] train | batches 5600/9556 | running_mean_total_loss=14.913110 | last_batch_total=13.535340
2026-05-03 09:06:20 | INFO | [6/8] train | batches 5800/9556 | running_mean_total_loss=14.917106 | last_batch_total=15.340291
2026-05-03 09:06:45 | INFO | [6/8] train | batches 6000/9556 | running_mean_total_loss=14.920920 | last_batch_total=14.305720
2026-05-03 09:07:11 | INFO | [6/8] train | batches 6200/9556 | running_mean_total_loss=14.921659 | last_batch_total=15.619183
2026-05-03 09:07:37 | INFO | [6/8] train | batches 6400/9556 | running_mean_total_loss=14.924001 | last_batch_total=15.075375
2026-05-03 09:08:03 | INFO | [6/8] train | batches 6600/9556 | running_mean_total_loss=14.926892 | last_batch_total=14.963381
2026-05-03 09:08:29 | INFO | [6/8] train | batches 6800/9556 | running_mean_total_loss=14.927333 | last_batch_total=16.223204
2026-05-03 09:08:55 | INFO | [6/8] train | batches 7000/9556 | running_mean_total_loss=14.929122 | last_batch_total=14.506617
2026-05-03 09:09:21 | INFO | [6/8] train | batches 7200/9556 | running_mean_total_loss=14.930782 | last_batch_total=15.941940
2026-05-03 09:09:47 | INFO | [6/8] train | batches 7400/9556 | running_mean_total_loss=14.930079 | last_batch_total=14.862447
2026-05-03 09:10:13 | INFO | [6/8] train | batches 7600/9556 | running_mean_total_loss=14.929230 | last_batch_total=14.565945
2026-05-03 09:10:39 | INFO | [6/8] train | batches 7800/9556 | running_mean_total_loss=14.929126 | last_batch_total=16.367891
2026-05-03 09:11:05 | INFO | [6/8] train | batches 8000/9556 | running_mean_total_loss=14.925013 | last_batch_total=14.813184
2026-05-03 09:11:31 | INFO | [6/8] train | batches 8200/9556 | running_mean_total_loss=14.923829 | last_batch_total=14.479456
2026-05-03 09:11:56 | INFO | [6/8] train | batches 8400/9556 | running_mean_total_loss=14.923393 | last_batch_total=13.788719
2026-05-03 09:12:22 | INFO | [6/8] train | batches 8600/9556 | running_mean_total_loss=14.926032 | last_batch_total=15.076703
2026-05-03 09:12:49 | INFO | [6/8] train | batches 8800/9556 | running_mean_total_loss=14.925038 | last_batch_total=14.505767
2026-05-03 09:13:15 | INFO | [6/8] train | batches 9000/9556 | running_mean_total_loss=14.924079 | last_batch_total=14.319836
2026-05-03 09:13:41 | INFO | [6/8] train | batches 9200/9556 | running_mean_total_loss=14.923819 | last_batch_total=16.234499
2026-05-03 09:14:07 | INFO | [6/8] train | batches 9400/9556 | running_mean_total_loss=14.926789 | last_batch_total=15.641753
2026-05-03 09:14:27 | INFO | [6/8] train | batches=9556 | wall_time=1242.9s | mean_total_loss=14.926730
2026-05-03 09:14:55 | INFO | [6/8] valid+test | batches 200/9556 | running_mean_val_total=12.672540 | running_mean_test_total=13.523178
2026-05-03 09:15:24 | INFO | [6/8] valid+test | batches 400/9556 | running_mean_val_total=12.601000 | running_mean_test_total=13.355415
2026-05-03 09:15:52 | INFO | [6/8] valid+test | batches 600/9556 | running_mean_val_total=12.549022 | running_mean_test_total=13.275022
2026-05-03 09:16:21 | INFO | [6/8] valid+test | batches 800/9556 | running_mean_val_total=12.442231 | running_mean_test_total=13.186550
2026-05-03 09:16:49 | INFO | [6/8] valid+test | batches 1000/9556 | running_mean_val_total=12.438854 | running_mean_test_total=13.181212
2026-05-03 09:17:18 | INFO | [6/8] valid+test | batches 1200/9556 | running_mean_val_total=12.713895 | running_mean_test_total=13.409193
2026-05-03 09:17:46 | INFO | [6/8] valid+test | batches 1400/9556 | running_mean_val_total=12.899115 | running_mean_test_total=13.558646
2026-05-03 09:18:15 | INFO | [6/8] valid+test | batches 1600/9556 | running_mean_val_total=13.054656 | running_mean_test_total=13.696868
2026-05-03 09:18:43 | INFO | [6/8] valid+test | batches 1800/9556 | running_mean_val_total=13.170500 | running_mean_test_total=13.802942
2026-05-03 09:19:12 | INFO | [6/8] valid+test | batches 2000/9556 | running_mean_val_total=13.259888 | running_mean_test_total=13.881899
2026-05-03 09:19:40 | INFO | [6/8] valid+test | batches 2200/9556 | running_mean_val_total=13.321136 | running_mean_test_total=13.937409
2026-05-03 09:20:08 | INFO | [6/8] valid+test | batches 2400/9556 | running_mean_val_total=13.378894 | running_mean_test_total=13.989940
2026-05-03 09:20:37 | INFO | [6/8] valid+test | batches 2600/9556 | running_mean_val_total=13.441998 | running_mean_test_total=14.040049
2026-05-03 09:21:05 | INFO | [6/8] valid+test | batches 2800/9556 | running_mean_val_total=13.481463 | running_mean_test_total=14.075098
2026-05-03 09:21:34 | INFO | [6/8] valid+test | batches 3000/9556 | running_mean_val_total=13.523477 | running_mean_test_total=14.116180
2026-05-03 09:22:02 | INFO | [6/8] valid+test | batches 3200/9556 | running_mean_val_total=13.568469 | running_mean_test_total=14.143806
2026-05-03 09:22:30 | INFO | [6/8] valid+test | batches 3400/9556 | running_mean_val_total=13.578354 | running_mean_test_total=14.151420
2026-05-03 09:22:59 | INFO | [6/8] valid+test | batches 3600/9556 | running_mean_val_total=13.573664 | running_mean_test_total=14.142144
2026-05-03 09:23:27 | INFO | [6/8] valid+test | batches 3800/9556 | running_mean_val_total=13.586896 | running_mean_test_total=14.158554
2026-05-03 09:23:56 | INFO | [6/8] valid+test | batches 4000/9556 | running_mean_val_total=13.637225 | running_mean_test_total=14.199699
2026-05-03 09:24:24 | INFO | [6/8] valid+test | batches 4200/9556 | running_mean_val_total=13.685889 | running_mean_test_total=14.242264
2026-05-03 09:24:53 | INFO | [6/8] valid+test | batches 4400/9556 | running_mean_val_total=13.721835 | running_mean_test_total=14.282370
2026-05-03 09:25:21 | INFO | [6/8] valid+test | batches 4600/9556 | running_mean_val_total=13.754447 | running_mean_test_total=14.312225
2026-05-03 09:25:50 | INFO | [6/8] valid+test | batches 4800/9556 | running_mean_val_total=13.785892 | running_mean_test_total=14.340776
2026-05-03 09:26:22 | INFO | [6/8] valid+test | batches 5000/9556 | running_mean_val_total=13.809444 | running_mean_test_total=14.358021
2026-05-03 09:26:50 | INFO | [6/8] valid+test | batches 5200/9556 | running_mean_val_total=13.834511 | running_mean_test_total=14.377515
2026-05-03 09:27:19 | INFO | [6/8] valid+test | batches 5400/9556 | running_mean_val_total=13.851825 | running_mean_test_total=14.397243
2026-05-03 09:27:47 | INFO | [6/8] valid+test | batches 5600/9556 | running_mean_val_total=13.871647 | running_mean_test_total=14.414983
2026-05-03 09:28:15 | INFO | [6/8] valid+test | batches 5800/9556 | running_mean_val_total=13.886256 | running_mean_test_total=14.425645
2026-05-03 09:28:44 | INFO | [6/8] valid+test | batches 6000/9556 | running_mean_val_total=13.896882 | running_mean_test_total=14.433674
2026-05-03 09:29:12 | INFO | [6/8] valid+test | batches 6200/9556 | running_mean_val_total=13.903038 | running_mean_test_total=14.437459
2026-05-03 09:29:41 | INFO | [6/8] valid+test | batches 6400/9556 | running_mean_val_total=13.905131 | running_mean_test_total=14.438985
2026-05-03 09:30:09 | INFO | [6/8] valid+test | batches 6600/9556 | running_mean_val_total=13.912725 | running_mean_test_total=14.440811
2026-05-03 09:30:38 | INFO | [6/8] valid+test | batches 6800/9556 | running_mean_val_total=13.917194 | running_mean_test_total=14.445462
2026-05-03 09:31:06 | INFO | [6/8] valid+test | batches 7000/9556 | running_mean_val_total=13.923654 | running_mean_test_total=14.450488
2026-05-03 09:31:35 | INFO | [6/8] valid+test | batches 7200/9556 | running_mean_val_total=13.926714 | running_mean_test_total=14.451649
2026-05-03 09:32:03 | INFO | [6/8] valid+test | batches 7400/9556 | running_mean_val_total=13.933976 | running_mean_test_total=14.451119
2026-05-03 09:32:32 | INFO | [6/8] valid+test | batches 7600/9556 | running_mean_val_total=13.935767 | running_mean_test_total=14.449723
2026-05-03 09:33:00 | INFO | [6/8] valid+test | batches 7800/9556 | running_mean_val_total=13.934611 | running_mean_test_total=14.445369
2026-05-03 09:33:29 | INFO | [6/8] valid+test | batches 8000/9556 | running_mean_val_total=13.921046 | running_mean_test_total=14.435937
2026-05-03 09:33:57 | INFO | [6/8] valid+test | batches 8200/9556 | running_mean_val_total=13.920000 | running_mean_test_total=14.433695
2026-05-03 09:34:25 | INFO | [6/8] valid+test | batches 8400/9556 | running_mean_val_total=13.928991 | running_mean_test_total=14.442909
2026-05-03 09:34:54 | INFO | [6/8] valid+test | batches 8600/9556 | running_mean_val_total=13.922120 | running_mean_test_total=14.438666
2026-05-03 09:35:23 | INFO | [6/8] valid+test | batches 8800/9556 | running_mean_val_total=13.932824 | running_mean_test_total=14.450753
2026-05-03 09:35:51 | INFO | [6/8] valid+test | batches 9000/9556 | running_mean_val_total=13.926592 | running_mean_test_total=14.444078
2026-05-03 09:36:20 | INFO | [6/8] valid+test | batches 9200/9556 | running_mean_val_total=13.918533 | running_mean_test_total=14.434067
2026-05-03 09:36:48 | INFO | [6/8] valid+test | batches 9400/9556 | running_mean_val_total=13.896783 | running_mean_test_total=14.415557
2026-05-03 09:37:10 | INFO | [6/8] valid+test | batches=9556 | wall_time=1363.2s | val_mean_total=13.879421 | test_mean_total=14.401398 (single pass)
2026-05-03 09:37:10 | INFO | Epoch 6/8 done | train_loss=14.926730 valid_loss=13.879421 test_loss=14.401398
2026-05-03 09:37:10 | INFO | Epoch 6/8 train | per-head mean CE: type=1.4509 event_description=1.8130 group_code=3.2169 diagnosis_value=3.9713 gap=0.0762 setting=0.8668 dept_type=0.6151 dept_specialty=1.8831 facility_size=0.6954 region=0.3379 | total=14.926730
2026-05-03 09:37:10 | INFO | Epoch 6/8 valid | per-head mean CE: type=1.3793 event_description=1.7027 group_code=2.9667 diagnosis_value=3.7035 gap=0.0758 setting=0.8281 dept_type=0.5935 dept_specialty=1.6851 facility_size=0.6633 region=0.2816 | total=13.879421
2026-05-03 09:37:10 | INFO | Epoch 6/8 test | per-head mean CE: type=1.4308 event_description=1.7678 group_code=3.0952 diagnosis_value=3.8609 gap=0.0758 setting=0.8452 dept_type=0.6126 dept_specialty=1.7536 facility_size=0.6771 region=0.2825 | total=14.401398
2026-05-03 09:37:10 | INFO | Optimizer LR after epoch 6 (next epoch): 2.58e-04
2026-05-03 09:37:10 | INFO | Wrote incremental metrics (6 epochs in snapshot)
2026-05-03 09:37:11 | INFO | Checkpoint saved after full epoch 6: /home/zhiyichen/datafest26/data/processed/patient_event_model/checkpoint_last.pt
2026-05-03 09:37:11 | INFO | New best valid total loss=13.879421 -> /home/zhiyichen/datafest26/data/processed/patient_event_model/checkpoint_best.pt
2026-05-03 09:37:11 | INFO | ---------- Epoch 7 / 8 ----------
2026-05-03 09:37:37 | INFO | [7/8] train | batches 200/9556 | running_mean_total_loss=14.834332 | last_batch_total=16.461098
2026-05-03 09:38:03 | INFO | [7/8] train | batches 400/9556 | running_mean_total_loss=14.794139 | last_batch_total=15.267102
2026-05-03 09:38:29 | INFO | [7/8] train | batches 600/9556 | running_mean_total_loss=14.769466 | last_batch_total=13.807082
2026-05-03 09:38:56 | INFO | [7/8] train | batches 800/9556 | running_mean_total_loss=14.758347 | last_batch_total=14.965226
2026-05-03 09:39:23 | INFO | [7/8] train | batches 1000/9556 | running_mean_total_loss=14.737599 | last_batch_total=14.492734
2026-05-03 09:39:48 | INFO | [7/8] train | batches 1200/9556 | running_mean_total_loss=14.722885 | last_batch_total=14.735596
2026-05-03 09:40:15 | INFO | [7/8] train | batches 1400/9556 | running_mean_total_loss=14.738184 | last_batch_total=14.479510
2026-05-03 09:40:41 | INFO | [7/8] train | batches 1600/9556 | running_mean_total_loss=14.729450 | last_batch_total=14.512153
2026-05-03 09:41:07 | INFO | [7/8] train | batches 1800/9556 | running_mean_total_loss=14.739200 | last_batch_total=13.403294
2026-05-03 09:41:33 | INFO | [7/8] train | batches 2000/9556 | running_mean_total_loss=14.742357 | last_batch_total=15.225914
2026-05-03 09:41:59 | INFO | [7/8] train | batches 2200/9556 | running_mean_total_loss=14.751177 | last_batch_total=15.542684
2026-05-03 09:42:25 | INFO | [7/8] train | batches 2400/9556 | running_mean_total_loss=14.762779 | last_batch_total=14.534716
2026-05-03 09:42:51 | INFO | [7/8] train | batches 2600/9556 | running_mean_total_loss=14.762116 | last_batch_total=15.215355
2026-05-03 09:43:17 | INFO | [7/8] train | batches 2800/9556 | running_mean_total_loss=14.759820 | last_batch_total=15.130504
2026-05-03 09:43:43 | INFO | [7/8] train | batches 3000/9556 | running_mean_total_loss=14.760458 | last_batch_total=13.753321
2026-05-03 09:44:08 | INFO | [7/8] train | batches 3200/9556 | running_mean_total_loss=14.761513 | last_batch_total=14.675353
2026-05-03 09:44:34 | INFO | [7/8] train | batches 3400/9556 | running_mean_total_loss=14.766040 | last_batch_total=15.057237
2026-05-03 09:45:00 | INFO | [7/8] train | batches 3600/9556 | running_mean_total_loss=14.764668 | last_batch_total=14.757610
2026-05-03 09:45:26 | INFO | [7/8] train | batches 3800/9556 | running_mean_total_loss=14.766683 | last_batch_total=15.806265
2026-05-03 09:45:52 | INFO | [7/8] train | batches 4000/9556 | running_mean_total_loss=14.764033 | last_batch_total=14.495253
2026-05-03 09:46:18 | INFO | [7/8] train | batches 4200/9556 | running_mean_total_loss=14.762261 | last_batch_total=14.968071
2026-05-03 09:46:44 | INFO | [7/8] train | batches 4400/9556 | running_mean_total_loss=14.761000 | last_batch_total=14.422305
2026-05-03 09:47:10 | INFO | [7/8] train | batches 4600/9556 | running_mean_total_loss=14.762411 | last_batch_total=14.733189
2026-05-03 09:47:36 | INFO | [7/8] train | batches 4800/9556 | running_mean_total_loss=14.764163 | last_batch_total=15.530658
2026-05-03 09:48:01 | INFO | [7/8] train | batches 5000/9556 | running_mean_total_loss=14.766160 | last_batch_total=13.473666
2026-05-03 09:48:27 | INFO | [7/8] train | batches 5200/9556 | running_mean_total_loss=14.764691 | last_batch_total=14.884313
2026-05-03 09:48:53 | INFO | [7/8] train | batches 5400/9556 | running_mean_total_loss=14.763470 | last_batch_total=15.031384
2026-05-03 09:49:22 | INFO | [7/8] train | batches 5600/9556 | running_mean_total_loss=14.765332 | last_batch_total=14.230798
2026-05-03 09:49:48 | INFO | [7/8] train | batches 5800/9556 | running_mean_total_loss=14.764452 | last_batch_total=15.661093
2026-05-03 09:50:14 | INFO | [7/8] train | batches 6000/9556 | running_mean_total_loss=14.767617 | last_batch_total=14.435409
2026-05-03 09:50:40 | INFO | [7/8] train | batches 6200/9556 | running_mean_total_loss=14.771207 | last_batch_total=14.540868
2026-05-03 09:51:06 | INFO | [7/8] train | batches 6400/9556 | running_mean_total_loss=14.768949 | last_batch_total=14.715207
2026-05-03 09:51:32 | INFO | [7/8] train | batches 6600/9556 | running_mean_total_loss=14.769989 | last_batch_total=14.388036
2026-05-03 09:51:58 | INFO | [7/8] train | batches 6800/9556 | running_mean_total_loss=14.768037 | last_batch_total=14.992770
2026-05-03 09:52:24 | INFO | [7/8] train | batches 7000/9556 | running_mean_total_loss=14.765869 | last_batch_total=15.215425
2026-05-03 09:52:50 | INFO | [7/8] train | batches 7200/9556 | running_mean_total_loss=14.766310 | last_batch_total=14.671743
2026-05-03 09:53:16 | INFO | [7/8] train | batches 7400/9556 | running_mean_total_loss=14.765313 | last_batch_total=13.600340
2026-05-03 09:53:42 | INFO | [7/8] train | batches 7600/9556 | running_mean_total_loss=14.766498 | last_batch_total=15.994839
2026-05-03 09:54:08 | INFO | [7/8] train | batches 7800/9556 | running_mean_total_loss=14.766451 | last_batch_total=14.401311
2026-05-03 09:54:34 | INFO | [7/8] train | batches 8000/9556 | running_mean_total_loss=14.768184 | last_batch_total=14.895730
2026-05-03 09:55:00 | INFO | [7/8] train | batches 8200/9556 | running_mean_total_loss=14.768449 | last_batch_total=14.600489
2026-05-03 09:55:26 | INFO | [7/8] train | batches 8400/9556 | running_mean_total_loss=14.771231 | last_batch_total=15.400422
2026-05-03 09:55:52 | INFO | [7/8] train | batches 8600/9556 | running_mean_total_loss=14.771785 | last_batch_total=15.493119
2026-05-03 09:56:18 | INFO | [7/8] train | batches 8800/9556 | running_mean_total_loss=14.772946 | last_batch_total=14.597161
2026-05-03 09:56:45 | INFO | [7/8] train | batches 9000/9556 | running_mean_total_loss=14.773494 | last_batch_total=15.982860
2026-05-03 09:57:10 | INFO | [7/8] train | batches 9200/9556 | running_mean_total_loss=14.774418 | last_batch_total=15.042680
2026-05-03 09:57:37 | INFO | [7/8] train | batches 9400/9556 | running_mean_total_loss=14.773879 | last_batch_total=13.289294
2026-05-03 09:57:57 | INFO | [7/8] train | batches=9556 | wall_time=1245.8s | mean_total_loss=14.775659
2026-05-03 09:58:25 | INFO | [7/8] valid+test | batches 200/9556 | running_mean_val_total=12.526589 | running_mean_test_total=13.373422
2026-05-03 09:58:54 | INFO | [7/8] valid+test | batches 400/9556 | running_mean_val_total=12.458288 | running_mean_test_total=13.222077
2026-05-03 09:59:22 | INFO | [7/8] valid+test | batches 600/9556 | running_mean_val_total=12.411967 | running_mean_test_total=13.148087
2026-05-03 09:59:51 | INFO | [7/8] valid+test | batches 800/9556 | running_mean_val_total=12.300589 | running_mean_test_total=13.050907
2026-05-03 10:00:19 | INFO | [7/8] valid+test | batches 1000/9556 | running_mean_val_total=12.293256 | running_mean_test_total=13.050512
2026-05-03 10:00:48 | INFO | [7/8] valid+test | batches 1200/9556 | running_mean_val_total=12.569700 | running_mean_test_total=13.276824
2026-05-03 10:01:16 | INFO | [7/8] valid+test | batches 1400/9556 | running_mean_val_total=12.758859 | running_mean_test_total=13.429841
2026-05-03 10:01:45 | INFO | [7/8] valid+test | batches 1600/9556 | running_mean_val_total=12.916165 | running_mean_test_total=13.569748
2026-05-03 10:02:13 | INFO | [7/8] valid+test | batches 1800/9556 | running_mean_val_total=13.032702 | running_mean_test_total=13.677131
2026-05-03 10:02:42 | INFO | [7/8] valid+test | batches 2000/9556 | running_mean_val_total=13.123140 | running_mean_test_total=13.757955
2026-05-03 10:03:11 | INFO | [7/8] valid+test | batches 2200/9556 | running_mean_val_total=13.186884 | running_mean_test_total=13.812403
2026-05-03 10:03:39 | INFO | [7/8] valid+test | batches 2400/9556 | running_mean_val_total=13.246378 | running_mean_test_total=13.865823
2026-05-03 10:04:08 | INFO | [7/8] valid+test | batches 2600/9556 | running_mean_val_total=13.310144 | running_mean_test_total=13.915374
2026-05-03 10:04:37 | INFO | [7/8] valid+test | batches 2800/9556 | running_mean_val_total=13.349706 | running_mean_test_total=13.949658
2026-05-03 10:05:05 | INFO | [7/8] valid+test | batches 3000/9556 | running_mean_val_total=13.392281 | running_mean_test_total=13.991535
2026-05-03 10:05:34 | INFO | [7/8] valid+test | batches 3200/9556 | running_mean_val_total=13.437924 | running_mean_test_total=14.019473
2026-05-03 10:06:02 | INFO | [7/8] valid+test | batches 3400/9556 | running_mean_val_total=13.448000 | running_mean_test_total=14.028054
2026-05-03 10:06:31 | INFO | [7/8] valid+test | batches 3600/9556 | running_mean_val_total=13.444015 | running_mean_test_total=14.019486
2026-05-03 10:06:59 | INFO | [7/8] valid+test | batches 3800/9556 | running_mean_val_total=13.457488 | running_mean_test_total=14.036226
2026-05-03 10:07:28 | INFO | [7/8] valid+test | batches 4000/9556 | running_mean_val_total=13.508335 | running_mean_test_total=14.078186
2026-05-03 10:07:56 | INFO | [7/8] valid+test | batches 4200/9556 | running_mean_val_total=13.557734 | running_mean_test_total=14.121491
2026-05-03 10:08:25 | INFO | [7/8] valid+test | batches 4400/9556 | running_mean_val_total=13.594450 | running_mean_test_total=14.162399
2026-05-03 10:08:53 | INFO | [7/8] valid+test | batches 4600/9556 | running_mean_val_total=13.627323 | running_mean_test_total=14.193266
2026-05-03 10:09:21 | INFO | [7/8] valid+test | batches 4800/9556 | running_mean_val_total=13.658801 | running_mean_test_total=14.222005
2026-05-03 10:09:50 | INFO | [7/8] valid+test | batches 5000/9556 | running_mean_val_total=13.682784 | running_mean_test_total=14.239910
2026-05-03 10:10:18 | INFO | [7/8] valid+test | batches 5200/9556 | running_mean_val_total=13.708506 | running_mean_test_total=14.259278
2026-05-03 10:10:47 | INFO | [7/8] valid+test | batches 5400/9556 | running_mean_val_total=13.726432 | running_mean_test_total=14.279848
2026-05-03 10:11:15 | INFO | [7/8] valid+test | batches 5600/9556 | running_mean_val_total=13.746557 | running_mean_test_total=14.297780
2026-05-03 10:11:44 | INFO | [7/8] valid+test | batches 5800/9556 | running_mean_val_total=13.761488 | running_mean_test_total=14.308621
2026-05-03 10:12:15 | INFO | [7/8] valid+test | batches 6000/9556 | running_mean_val_total=13.771887 | running_mean_test_total=14.316985
2026-05-03 10:12:44 | INFO | [7/8] valid+test | batches 6200/9556 | running_mean_val_total=13.777926 | running_mean_test_total=14.320935
2026-05-03 10:13:12 | INFO | [7/8] valid+test | batches 6400/9556 | running_mean_val_total=13.780473 | running_mean_test_total=14.322562
2026-05-03 10:13:41 | INFO | [7/8] valid+test | batches 6600/9556 | running_mean_val_total=13.788040 | running_mean_test_total=14.324598
2026-05-03 10:14:09 | INFO | [7/8] valid+test | batches 6800/9556 | running_mean_val_total=13.792579 | running_mean_test_total=14.329220
2026-05-03 10:14:38 | INFO | [7/8] valid+test | batches 7000/9556 | running_mean_val_total=13.799035 | running_mean_test_total=14.333350
2026-05-03 10:15:06 | INFO | [7/8] valid+test | batches 7200/9556 | running_mean_val_total=13.801891 | running_mean_test_total=14.334324
2026-05-03 10:15:34 | INFO | [7/8] valid+test | batches 7400/9556 | running_mean_val_total=13.809017 | running_mean_test_total=14.333191
2026-05-03 10:16:03 | INFO | [7/8] valid+test | batches 7600/9556 | running_mean_val_total=13.810769 | running_mean_test_total=14.331667
2026-05-03 10:16:31 | INFO | [7/8] valid+test | batches 7800/9556 | running_mean_val_total=13.809220 | running_mean_test_total=14.326497
2026-05-03 10:17:00 | INFO | [7/8] valid+test | batches 8000/9556 | running_mean_val_total=13.795493 | running_mean_test_total=14.316643
2026-05-03 10:17:28 | INFO | [7/8] valid+test | batches 8200/9556 | running_mean_val_total=13.793836 | running_mean_test_total=14.313237
2026-05-03 10:17:56 | INFO | [7/8] valid+test | batches 8400/9556 | running_mean_val_total=13.802612 | running_mean_test_total=14.321644
2026-05-03 10:18:24 | INFO | [7/8] valid+test | batches 8600/9556 | running_mean_val_total=13.795978 | running_mean_test_total=14.317472
2026-05-03 10:18:53 | INFO | [7/8] valid+test | batches 8800/9556 | running_mean_val_total=13.806937 | running_mean_test_total=14.329693
2026-05-03 10:19:21 | INFO | [7/8] valid+test | batches 9000/9556 | running_mean_val_total=13.800415 | running_mean_test_total=14.322923
2026-05-03 10:19:50 | INFO | [7/8] valid+test | batches 9200/9556 | running_mean_val_total=13.792169 | running_mean_test_total=14.312910
2026-05-03 10:20:18 | INFO | [7/8] valid+test | batches 9400/9556 | running_mean_val_total=13.770183 | running_mean_test_total=14.294059
2026-05-03 10:20:40 | INFO | [7/8] valid+test | batches=9556 | wall_time=1363.5s | val_mean_total=13.752436 | test_mean_total=14.280070 (single pass)
2026-05-03 10:20:40 | INFO | Epoch 7/8 done | train_loss=14.775659 valid_loss=13.752436 test_loss=14.280070
2026-05-03 10:20:40 | INFO | Epoch 7/8 train | per-head mean CE: type=1.4413 event_description=1.8002 group_code=3.1827 diagnosis_value=3.9051 gap=0.0762 setting=0.8627 dept_type=0.6115 dept_specialty=1.8684 facility_size=0.6922 region=0.3354 | total=14.775659
2026-05-03 10:20:40 | INFO | Epoch 7/8 valid | per-head mean CE: type=1.3709 event_description=1.6901 group_code=2.9391 diagnosis_value=3.6598 gap=0.0757 setting=0.8233 dept_type=0.5897 dept_specialty=1.6675 facility_size=0.6581 region=0.2782 | total=13.752436
2026-05-03 10:20:40 | INFO | Epoch 7/8 test | per-head mean CE: type=1.4260 event_description=1.7553 group_code=3.0676 diagnosis_value=3.8144 gap=0.0757 setting=0.8425 dept_type=0.6097 dept_specialty=1.7365 facility_size=0.6731 region=0.2792 | total=14.280070
2026-05-03 10:20:40 | INFO | Optimizer LR after epoch 7 (next epoch): 7.63e-05
2026-05-03 10:20:40 | INFO | Wrote incremental metrics (7 epochs in snapshot)
2026-05-03 10:20:41 | INFO | Checkpoint saved after full epoch 7: /home/zhiyichen/datafest26/data/processed/patient_event_model/checkpoint_last.pt
2026-05-03 10:20:41 | INFO | New best valid total loss=13.752436 -> /home/zhiyichen/datafest26/data/processed/patient_event_model/checkpoint_best.pt
2026-05-03 10:20:41 | INFO | ---------- Epoch 8 / 8 ----------
2026-05-03 10:21:08 | INFO | [8/8] train | batches 200/9556 | running_mean_total_loss=14.598245 | last_batch_total=14.760519
2026-05-03 10:21:34 | INFO | [8/8] train | batches 400/9556 | running_mean_total_loss=14.693124 | last_batch_total=15.745076
2026-05-03 10:22:00 | INFO | [8/8] train | batches 600/9556 | running_mean_total_loss=14.704478 | last_batch_total=14.147204
2026-05-03 10:22:26 | INFO | [8/8] train | batches 800/9556 | running_mean_total_loss=14.685878 | last_batch_total=14.833539
2026-05-03 10:22:52 | INFO | [8/8] train | batches 1000/9556 | running_mean_total_loss=14.670664 | last_batch_total=15.225534
2026-05-03 10:23:18 | INFO | [8/8] train | batches 1200/9556 | running_mean_total_loss=14.656184 | last_batch_total=15.003949
2026-05-03 10:23:43 | INFO | [8/8] train | batches 1400/9556 | running_mean_total_loss=14.654609 | last_batch_total=13.893147
2026-05-03 10:24:09 | INFO | [8/8] train | batches 1600/9556 | running_mean_total_loss=14.670347 | last_batch_total=15.666250
2026-05-03 10:24:35 | INFO | [8/8] train | batches 1800/9556 | running_mean_total_loss=14.671029 | last_batch_total=15.007502
2026-05-03 10:25:01 | INFO | [8/8] train | batches 2000/9556 | running_mean_total_loss=14.670194 | last_batch_total=15.810484
2026-05-03 10:25:27 | INFO | [8/8] train | batches 2200/9556 | running_mean_total_loss=14.671324 | last_batch_total=15.037378
2026-05-03 10:25:53 | INFO | [8/8] train | batches 2400/9556 | running_mean_total_loss=14.686662 | last_batch_total=15.358970
2026-05-03 10:26:19 | INFO | [8/8] train | batches 2600/9556 | running_mean_total_loss=14.682173 | last_batch_total=14.892424
2026-05-03 10:26:45 | INFO | [8/8] train | batches 2800/9556 | running_mean_total_loss=14.682483 | last_batch_total=14.689930
2026-05-03 10:27:11 | INFO | [8/8] train | batches 3000/9556 | running_mean_total_loss=14.677673 | last_batch_total=13.548084
2026-05-03 10:27:36 | INFO | [8/8] train | batches 3200/9556 | running_mean_total_loss=14.681603 | last_batch_total=15.133730
2026-05-03 10:28:02 | INFO | [8/8] train | batches 3400/9556 | running_mean_total_loss=14.685902 | last_batch_total=14.051896
2026-05-03 10:28:29 | INFO | [8/8] train | batches 3600/9556 | running_mean_total_loss=14.681539 | last_batch_total=14.621418
2026-05-03 10:28:54 | INFO | [8/8] train | batches 3800/9556 | running_mean_total_loss=14.679777 | last_batch_total=13.701004
2026-05-03 10:29:20 | INFO | [8/8] train | batches 4000/9556 | running_mean_total_loss=14.680637 | last_batch_total=14.694358
2026-05-03 10:29:46 | INFO | [8/8] train | batches 4200/9556 | running_mean_total_loss=14.675061 | last_batch_total=15.991170
2026-05-03 10:30:12 | INFO | [8/8] train | batches 4400/9556 | running_mean_total_loss=14.677286 | last_batch_total=15.313587
2026-05-03 10:30:38 | INFO | [8/8] train | batches 4600/9556 | running_mean_total_loss=14.677835 | last_batch_total=14.696078
2026-05-03 10:31:04 | INFO | [8/8] train | batches 4800/9556 | running_mean_total_loss=14.673320 | last_batch_total=14.944542
2026-05-03 10:31:30 | INFO | [8/8] train | batches 5000/9556 | running_mean_total_loss=14.673130 | last_batch_total=13.440727
2026-05-03 10:31:56 | INFO | [8/8] train | batches 5200/9556 | running_mean_total_loss=14.669895 | last_batch_total=13.652777
2026-05-03 10:32:22 | INFO | [8/8] train | batches 5400/9556 | running_mean_total_loss=14.670980 | last_batch_total=14.840293
2026-05-03 10:32:48 | INFO | [8/8] train | batches 5600/9556 | running_mean_total_loss=14.669717 | last_batch_total=14.623353
2026-05-03 10:33:14 | INFO | [8/8] train | batches 5800/9556 | running_mean_total_loss=14.670465 | last_batch_total=14.756184
2026-05-03 10:33:43 | INFO | [8/8] train | batches 6000/9556 | running_mean_total_loss=14.670678 | last_batch_total=14.913074
2026-05-03 10:34:09 | INFO | [8/8] train | batches 6200/9556 | running_mean_total_loss=14.668780 | last_batch_total=15.115318
2026-05-03 10:34:34 | INFO | [8/8] train | batches 6400/9556 | running_mean_total_loss=14.668805 | last_batch_total=15.059614
2026-05-03 10:35:00 | INFO | [8/8] train | batches 6600/9556 | running_mean_total_loss=14.670689 | last_batch_total=12.150152
2026-05-03 10:35:26 | INFO | [8/8] train | batches 6800/9556 | running_mean_total_loss=14.670977 | last_batch_total=14.944300
2026-05-03 10:35:52 | INFO | [8/8] train | batches 7000/9556 | running_mean_total_loss=14.667973 | last_batch_total=16.536150
2026-05-03 10:36:18 | INFO | [8/8] train | batches 7200/9556 | running_mean_total_loss=14.669202 | last_batch_total=16.315977
2026-05-03 10:36:44 | INFO | [8/8] train | batches 7400/9556 | running_mean_total_loss=14.670479 | last_batch_total=14.470678
2026-05-03 10:37:10 | INFO | [8/8] train | batches 7600/9556 | running_mean_total_loss=14.668506 | last_batch_total=14.909692
2026-05-03 10:37:36 | INFO | [8/8] train | batches 7800/9556 | running_mean_total_loss=14.666843 | last_batch_total=16.044224
2026-05-03 10:38:02 | INFO | [8/8] train | batches 8000/9556 | running_mean_total_loss=14.667289 | last_batch_total=14.791284
2026-05-03 10:38:28 | INFO | [8/8] train | batches 8200/9556 | running_mean_total_loss=14.667192 | last_batch_total=15.927367
2026-05-03 10:38:54 | INFO | [8/8] train | batches 8400/9556 | running_mean_total_loss=14.666318 | last_batch_total=13.863342
2026-05-03 10:39:20 | INFO | [8/8] train | batches 8600/9556 | running_mean_total_loss=14.667016 | last_batch_total=14.511313
2026-05-03 10:39:46 | INFO | [8/8] train | batches 8800/9556 | running_mean_total_loss=14.667160 | last_batch_total=15.424832
2026-05-03 10:40:12 | INFO | [8/8] train | batches 9000/9556 | running_mean_total_loss=14.667459 | last_batch_total=14.088102
2026-05-03 10:40:38 | INFO | [8/8] train | batches 9200/9556 | running_mean_total_loss=14.666850 | last_batch_total=14.698200
2026-05-03 10:41:04 | INFO | [8/8] train | batches 9400/9556 | running_mean_total_loss=14.666322 | last_batch_total=15.242284
2026-05-03 10:41:25 | INFO | [8/8] train | batches=9556 | wall_time=1243.6s | mean_total_loss=14.666612
2026-05-03 10:41:53 | INFO | [8/8] valid+test | batches 200/9556 | running_mean_val_total=12.469017 | running_mean_test_total=13.291438
2026-05-03 10:42:22 | INFO | [8/8] valid+test | batches 400/9556 | running_mean_val_total=12.402842 | running_mean_test_total=13.146900
2026-05-03 10:42:50 | INFO | [8/8] valid+test | batches 600/9556 | running_mean_val_total=12.354258 | running_mean_test_total=13.075377
2026-05-03 10:43:19 | INFO | [8/8] valid+test | batches 800/9556 | running_mean_val_total=12.242110 | running_mean_test_total=12.977823
2026-05-03 10:43:47 | INFO | [8/8] valid+test | batches 1000/9556 | running_mean_val_total=12.235588 | running_mean_test_total=12.974522
2026-05-03 10:44:16 | INFO | [8/8] valid+test | batches 1200/9556 | running_mean_val_total=12.509732 | running_mean_test_total=13.201743
2026-05-03 10:44:44 | INFO | [8/8] valid+test | batches 1400/9556 | running_mean_val_total=12.695946 | running_mean_test_total=13.351919
2026-05-03 10:45:13 | INFO | [8/8] valid+test | batches 1600/9556 | running_mean_val_total=12.852196 | running_mean_test_total=13.489187
2026-05-03 10:45:41 | INFO | [8/8] valid+test | batches 1800/9556 | running_mean_val_total=12.968511 | running_mean_test_total=13.595713
2026-05-03 10:46:10 | INFO | [8/8] valid+test | batches 2000/9556 | running_mean_val_total=13.057412 | running_mean_test_total=13.675245
2026-05-03 10:46:38 | INFO | [8/8] valid+test | batches 2200/9556 | running_mean_val_total=13.120455 | running_mean_test_total=13.729805
2026-05-03 10:47:06 | INFO | [8/8] valid+test | batches 2400/9556 | running_mean_val_total=13.178941 | running_mean_test_total=13.782917
2026-05-03 10:47:35 | INFO | [8/8] valid+test | batches 2600/9556 | running_mean_val_total=13.242364 | running_mean_test_total=13.833068
2026-05-03 10:48:03 | INFO | [8/8] valid+test | batches 2800/9556 | running_mean_val_total=13.281783 | running_mean_test_total=13.867129
2026-05-03 10:48:32 | INFO | [8/8] valid+test | batches 3000/9556 | running_mean_val_total=13.323976 | running_mean_test_total=13.908669
2026-05-03 10:49:00 | INFO | [8/8] valid+test | batches 3200/9556 | running_mean_val_total=13.369073 | running_mean_test_total=13.936135
2026-05-03 10:49:28 | INFO | [8/8] valid+test | batches 3400/9556 | running_mean_val_total=13.378909 | running_mean_test_total=13.945017
2026-05-03 10:49:57 | INFO | [8/8] valid+test | batches 3600/9556 | running_mean_val_total=13.374793 | running_mean_test_total=13.936585
2026-05-03 10:50:25 | INFO | [8/8] valid+test | batches 3800/9556 | running_mean_val_total=13.388172 | running_mean_test_total=13.953231
2026-05-03 10:50:54 | INFO | [8/8] valid+test | batches 4000/9556 | running_mean_val_total=13.438656 | running_mean_test_total=13.995060
2026-05-03 10:51:22 | INFO | [8/8] valid+test | batches 4200/9556 | running_mean_val_total=13.487468 | running_mean_test_total=14.038300
2026-05-03 10:51:51 | INFO | [8/8] valid+test | batches 4400/9556 | running_mean_val_total=13.523635 | running_mean_test_total=14.078468
2026-05-03 10:52:19 | INFO | [8/8] valid+test | batches 4600/9556 | running_mean_val_total=13.555949 | running_mean_test_total=14.108744
2026-05-03 10:52:48 | INFO | [8/8] valid+test | batches 4800/9556 | running_mean_val_total=13.587173 | running_mean_test_total=14.137311
2026-05-03 10:53:16 | INFO | [8/8] valid+test | batches 5000/9556 | running_mean_val_total=13.610942 | running_mean_test_total=14.155036
2026-05-03 10:53:44 | INFO | [8/8] valid+test | batches 5200/9556 | running_mean_val_total=13.636479 | running_mean_test_total=14.174036
2026-05-03 10:54:13 | INFO | [8/8] valid+test | batches 5400/9556 | running_mean_val_total=13.654200 | running_mean_test_total=14.194109
2026-05-03 10:54:41 | INFO | [8/8] valid+test | batches 5600/9556 | running_mean_val_total=13.674179 | running_mean_test_total=14.211621
2026-05-03 10:55:10 | INFO | [8/8] valid+test | batches 5800/9556 | running_mean_val_total=13.688864 | running_mean_test_total=14.222325
2026-05-03 10:55:38 | INFO | [8/8] valid+test | batches 6000/9556 | running_mean_val_total=13.699258 | running_mean_test_total=14.230437
2026-05-03 10:56:09 | INFO | [8/8] valid+test | batches 6200/9556 | running_mean_val_total=13.705265 | running_mean_test_total=14.234381
2026-05-03 10:56:38 | INFO | [8/8] valid+test | batches 6400/9556 | running_mean_val_total=13.707803 | running_mean_test_total=14.236133
2026-05-03 10:57:06 | INFO | [8/8] valid+test | batches 6600/9556 | running_mean_val_total=13.715486 | running_mean_test_total=14.238291
2026-05-03 10:57:35 | INFO | [8/8] valid+test | batches 6800/9556 | running_mean_val_total=13.719922 | running_mean_test_total=14.242742
2026-05-03 10:58:03 | INFO | [8/8] valid+test | batches 7000/9556 | running_mean_val_total=13.726389 | running_mean_test_total=14.247106
2026-05-03 10:58:31 | INFO | [8/8] valid+test | batches 7200/9556 | running_mean_val_total=13.729059 | running_mean_test_total=14.248005
2026-05-03 10:59:00 | INFO | [8/8] valid+test | batches 7400/9556 | running_mean_val_total=13.736284 | running_mean_test_total=14.247033
2026-05-03 10:59:28 | INFO | [8/8] valid+test | batches 7600/9556 | running_mean_val_total=13.738027 | running_mean_test_total=14.245408
2026-05-03 10:59:57 | INFO | [8/8] valid+test | batches 7800/9556 | running_mean_val_total=13.736919 | running_mean_test_total=14.240774
2026-05-03 11:00:25 | INFO | [8/8] valid+test | batches 8000/9556 | running_mean_val_total=13.723423 | running_mean_test_total=14.231267
2026-05-03 11:00:54 | INFO | [8/8] valid+test | batches 8200/9556 | running_mean_val_total=13.721978 | running_mean_test_total=14.228141
2026-05-03 11:01:22 | INFO | [8/8] valid+test | batches 8400/9556 | running_mean_val_total=13.731010 | running_mean_test_total=14.236608
2026-05-03 11:01:51 | INFO | [8/8] valid+test | batches 8600/9556 | running_mean_val_total=13.724406 | running_mean_test_total=14.232597
2026-05-03 11:02:19 | INFO | [8/8] valid+test | batches 8800/9556 | running_mean_val_total=13.735260 | running_mean_test_total=14.244811
2026-05-03 11:02:48 | INFO | [8/8] valid+test | batches 9000/9556 | running_mean_val_total=13.728902 | running_mean_test_total=14.238150
2026-05-03 11:03:16 | INFO | [8/8] valid+test | batches 9200/9556 | running_mean_val_total=13.720776 | running_mean_test_total=14.228256
2026-05-03 11:03:45 | INFO | [8/8] valid+test | batches 9400/9556 | running_mean_val_total=13.699062 | running_mean_test_total=14.209522
2026-05-03 11:04:07 | INFO | [8/8] valid+test | batches=9556 | wall_time=1361.9s | val_mean_total=13.681498 | test_mean_total=14.195760 (single pass)
2026-05-03 11:04:07 | INFO | Epoch 8/8 done | train_loss=14.666612 valid_loss=13.681498 test_loss=14.195760
2026-05-03 11:04:07 | INFO | Epoch 8/8 train | per-head mean CE: type=1.4347 event_description=1.7912 group_code=3.1588 diagnosis_value=3.8561 gap=0.0762 setting=0.8593 dept_type=0.6091 dept_specialty=1.8582 facility_size=0.6895 region=0.3338 | total=14.666612
2026-05-03 11:04:07 | INFO | Epoch 8/8 valid | per-head mean CE: type=1.3641 event_description=1.6822 group_code=2.9234 diagnosis_value=3.6367 gap=0.0757 setting=0.8205 dept_type=0.5874 dept_specialty=1.6575 facility_size=0.6563 region=0.2776 | total=13.681498
2026-05-03 11:04:07 | INFO | Epoch 8/8 test | per-head mean CE: type=1.4160 event_description=1.7461 group_code=3.0491 diagnosis_value=3.7893 gap=0.0757 setting=0.8386 dept_type=0.6070 dept_specialty=1.7239 facility_size=0.6719 region=0.2783 | total=14.195760
2026-05-03 11:04:07 | INFO | Optimizer LR after epoch 8 (next epoch): 1.00e-05
2026-05-03 11:04:07 | INFO | Wrote incremental metrics (8 epochs in snapshot)
2026-05-03 11:04:07 | INFO | Checkpoint saved after full epoch 8: /home/zhiyichen/datafest26/data/processed/patient_event_model/checkpoint_last.pt
2026-05-03 11:04:08 | INFO | New best valid total loss=13.681498 -> /home/zhiyichen/datafest26/data/processed/patient_event_model/checkpoint_best.pt
2026-05-03 11:04:08 | INFO | Saved artifacts to /home/zhiyichen/datafest26/data/processed/patient_event_model
